dateTime,cm,inches,driprate
2023-05-08 08:16:25+00:00,9.66,3.8,0.0
2023-05-08 08:16:26+00:00,9.66,3.8,-0.41000000000000014
2023-05-08 08:16:27+00:00,9.25,3.64,0.41000000000000014
2023-05-08 08:16:28+00:00,9.66,3.8,-0.41000000000000014
2023-05-08 08:16:29+00:00,9.25,3.64,0.20500000000000007
2023-05-08 08:16:31+00:00,9.66,3.8,-0.41000000000000014
2023-05-08 08:16:32+00:00,9.25,3.64,0.20500000000000007
2023-05-08 08:16:34+00:00,9.66,3.8,0.0
2023-05-08 08:16:35+00:00,9.66,3.8,0.0
2023-05-08 08:16:36+00:00,9.66,3.8,0.0
2023-05-08 08:16:38+00:00,9.66,3.8,-0.41000000000000014
2023-05-08 08:16:39+00:00,9.25,3.64,-1.2400000000000002
2023-05-08 08:16:40+00:00,8.01,3.15,0.40000000000000036
2023-05-08 08:16:41+00:00,8.41,3.31,-0.23000000000000043
2023-05-08 08:16:42+00:00,8.18,3.22,0.11500000000000021
2023-05-08 08:16:44+00:00,8.41,3.31,1.67
2023-05-08 08:16:45+00:00,10.08,3.97,-1.9000000000000004
2023-05-08 08:16:46+00:00,8.18,3.22,0.5350000000000001
2023-05-08 08:16:48+00:00,9.25,3.64,0.7599999999999998
2023-05-08 08:16:49+00:00,10.01,3.94,0.8900000000000006
2023-05-08 08:16:50+00:00,10.9,4.29,-0.41000000000000014
2023-05-08 08:16:51+00:00,10.49,4.13,0.024999999999999467
2023-05-08 08:16:53+00:00,10.54,4.15,-0.09999999999999964
2023-05-08 08:16:54+00:00,10.44,4.11,0.05000000000000071
2023-05-08 08:16:55+00:00,10.49,4.13,0.049999999999998934
2023-05-08 08:16:56+00:00,10.54,4.15,-0.049999999999998934
2023-05-08 08:16:57+00:00,10.49,4.13,0.0
2023-05-08 08:16:59+00:00,10.49,4.13,0.0
2023-05-08 08:17:00+00:00,10.49,4.13,0.0
2023-05-08 08:17:01+00:00,10.49,4.13,0.0
2023-05-08 08:17:02+00:00,10.49,4.13,0.0
2023-05-08 08:17:04+00:00,10.49,4.13,-1.790000000000001
2023-05-08 08:17:05+00:00,8.7,3.43,0.0
2023-05-08 08:17:06+00:00,8.7,3.43,0.02000000000000135
2023-05-08 08:17:07+00:00,8.72,3.43,0.0
2023-05-08 08:17:08+00:00,8.72,3.43,-0.41999999999999993
2023-05-08 08:17:09+00:00,8.3,3.27,0.4399999999999995
2023-05-08 08:17:11+00:00,9.18,3.61,-0.41000000000000014
2023-05-08 08:17:12+00:00,8.77,3.45,0.0
2023-05-08 08:17:14+00:00,8.77,3.45,0.0
2023-05-08 08:17:15+00:00,8.77,3.45,-0.20500000000000007
2023-05-08 08:17:17+00:00,8.36,3.29,0.0
2023-05-08 08:17:18+00:00,8.36,3.29,0.41000000000000014
2023-05-08 08:17:19+00:00,8.77,3.45,0.4800000000000004
2023-05-08 08:17:20+00:00,9.25,3.64,-0.21499999999999986
2023-05-08 08:17:22+00:00,8.82,3.47,0.0
2023-05-08 08:17:23+00:00,8.82,3.47,0.0
2023-05-08 08:17:24+00:00,8.82,3.47,0.0
2023-05-08 08:17:25+00:00,8.82,3.47,0.019999999999999574
2023-05-08 08:17:26+00:00,8.84,3.48,-0.009999999999999787
2023-05-08 08:17:28+00:00,8.82,3.47,0.4800000000000004
2023-05-08 08:17:29+00:00,9.3,3.66,0.0
2023-05-08 08:17:31+00:00,9.3,3.66,-0.41000000000000014
2023-05-08 08:17:32+00:00,8.89,3.5,0.0
2023-05-08 08:17:34+00:00,8.89,3.5,0.0
2023-05-08 08:17:35+00:00,8.89,3.5,0.0
2023-05-08 08:17:36+00:00,8.89,3.5,0.0
2023-05-08 08:17:37+00:00,8.89,3.5,0.47999999999999865
2023-05-08 08:17:38+00:00,9.37,3.69,0.0
2023-05-08 08:17:39+00:00,9.37,3.69,-0.4299999999999997
2023-05-08 08:17:40+00:00,8.94,3.52,0.0
2023-05-08 08:17:41+00:00,8.94,3.52,0.010000000000000675
2023-05-08 08:17:43+00:00,8.96,3.53,0.0
2023-05-08 08:17:44+00:00,8.96,3.53,0.0
2023-05-08 08:17:45+00:00,8.96,3.53,0.4599999999999991
2023-05-08 08:17:46+00:00,9.42,3.71,-0.41000000000000014
2023-05-08 08:17:47+00:00,9.01,3.55,0.0
2023-05-08 08:17:48+00:00,9.01,3.55,0.0
2023-05-08 08:17:49+00:00,9.01,3.55,0.0
2023-05-08 08:17:51+00:00,9.01,3.55,0.0
2023-05-08 08:17:52+00:00,9.01,3.55,-0.41999999999999993
2023-05-08 08:17:53+00:00,8.59,3.38,0.009999999999999787
2023-05-08 08:17:54+00:00,8.6,3.39,0.4800000000000004
2023-05-08 08:17:55+00:00,9.08,3.57,-0.2450000000000001
2023-05-08 08:17:57+00:00,8.59,3.38,0.47000000000000064
2023-05-08 08:17:58+00:00,9.06,3.57,0.0
2023-05-08 08:17:59+00:00,9.06,3.57,0.019999999999999574
2023-05-08 08:18:00+00:00,9.08,3.57,-0.4299999999999997
2023-05-08 08:18:01+00:00,8.65,3.41,0.0
2023-05-08 08:18:03+00:00,8.65,3.41,0.0
2023-05-08 08:18:04+00:00,8.65,3.41,0.0
2023-05-08 08:18:05+00:00,8.65,3.41,0.0
2023-05-08 08:18:06+00:00,8.65,3.41,0.0
2023-05-08 08:18:07+00:00,8.65,3.41,0.2400000000000002
2023-05-08 08:18:09+00:00,9.13,3.59,-0.4300000000000015
2023-05-08 08:18:10+00:00,8.7,3.43,0.0
2023-05-08 08:18:11+00:00,8.7,3.43,0.0
2023-05-08 08:18:13+00:00,8.7,3.43,0.02000000000000135
2023-05-08 08:18:14+00:00,8.72,3.43,-0.20999999999999996
2023-05-08 08:18:16+00:00,8.3,3.27,0.0
2023-05-08 08:18:17+00:00,8.3,3.27,0.0
2023-05-08 08:18:18+00:00,8.3,3.27,0.0
2023-05-08 08:18:20+00:00,8.3,3.27,0.0
2023-05-08 08:18:21+00:00,8.3,3.27,0.0
2023-05-08 08:18:22+00:00,8.3,3.27,0.46999999999999886
2023-05-08 08:18:23+00:00,8.77,3.45,0.0
2023-05-08 08:18:24+00:00,8.77,3.45,-0.20500000000000007
2023-05-08 08:18:26+00:00,8.36,3.29,0.0
2023-05-08 08:18:27+00:00,8.36,3.29,0.0
2023-05-08 08:18:28+00:00,8.36,3.29,0.0
2023-05-08 08:18:29+00:00,8.36,3.29,-0.004999999999999893
2023-05-08 08:18:31+00:00,8.35,3.29,0.120000000000001
2023-05-08 08:18:32+00:00,8.47,3.33,-0.11000000000000121
2023-05-08 08:18:33+00:00,8.36,3.29,0.23000000000000043
2023-05-08 08:18:35+00:00,8.82,3.47,0.0
2023-05-08 08:18:36+00:00,8.82,3.47,0.0
2023-05-08 08:18:37+00:00,8.82,3.47,0.0
2023-05-08 08:18:38+00:00,8.82,3.47,-0.41000000000000014
2023-05-08 08:18:39+00:00,8.41,3.31,0.0
2023-05-08 08:18:40+00:00,8.41,3.31,0.0
2023-05-08 08:18:41+00:00,8.41,3.31,0.41000000000000014
2023-05-08 08:18:42+00:00,8.82,3.47,0.07000000000000028
2023-05-08 08:18:43+00:00,8.89,3.5,0.0
2023-05-08 08:18:45+00:00,8.89,3.5,0.0
2023-05-08 08:18:46+00:00,8.89,3.5,0.0
2023-05-08 08:18:47+00:00,8.89,3.5,0.0
2023-05-08 08:18:48+00:00,8.89,3.5,0.0
2023-05-08 08:18:49+00:00,8.89,3.5,0.0
2023-05-08 08:18:50+00:00,8.89,3.5,0.0
2023-05-08 08:18:51+00:00,8.89,3.5,0.0
2023-05-08 08:18:53+00:00,8.89,3.5,0.07000000000000028
2023-05-08 08:18:54+00:00,8.96,3.53,0.0
2023-05-08 08:18:55+00:00,8.96,3.53,-0.010000000000000675
2023-05-08 08:18:57+00:00,8.94,3.52,0.02000000000000135
2023-05-08 08:18:58+00:00,8.96,3.53,0.0
2023-05-08 08:18:59+00:00,8.96,3.53,0.0
2023-05-08 08:19:00+00:00,8.96,3.53,0.0
2023-05-08 08:19:02+00:00,8.96,3.53,0.049999999999998934
2023-05-08 08:19:03+00:00,9.01,3.55,0.0
2023-05-08 08:19:04+00:00,9.01,3.55,0.0
2023-05-08 08:19:05+00:00,9.01,3.55,0.0
2023-05-08 08:19:07+00:00,9.01,3.55,0.0
2023-05-08 08:19:08+00:00,9.01,3.55,0.0
2023-05-08 08:19:09+00:00,9.01,3.55,-0.41000000000000014
2023-05-08 08:19:10+00:00,8.6,3.39,0.0
2023-05-08 08:19:12+00:00,8.6,3.39,0.46000000000000085
2023-05-08 08:19:13+00:00,9.06,3.57,0.0
2023-05-08 08:19:14+00:00,9.06,3.57,-0.41000000000000014
2023-05-08 08:19:15+00:00,8.65,3.41,0.0
2023-05-08 08:19:16+00:00,8.65,3.41,0.0
2023-05-08 08:19:18+00:00,8.65,3.41,0.0
2023-05-08 08:19:19+00:00,8.65,3.41,0.0
2023-05-08 08:19:20+00:00,8.65,3.41,0.0
2023-05-08 08:19:21+00:00,8.65,3.41,0.2400000000000002
2023-05-08 08:19:23+00:00,9.13,3.59,0.0
2023-05-08 08:19:24+00:00,9.13,3.59,-0.21500000000000075
2023-05-08 08:19:26+00:00,8.7,3.43,0.0
2023-05-08 08:19:27+00:00,8.7,3.43,0.02000000000000135
2023-05-08 08:19:28+00:00,8.72,3.43,0.0
2023-05-08 08:19:29+00:00,8.72,3.43,-0.010000000000000675
2023-05-08 08:19:31+00:00,8.7,3.43,0.0
2023-05-08 08:19:32+00:00,8.7,3.43,0.0
2023-05-08 08:19:33+00:00,8.7,3.43,0.2400000000000002
2023-05-08 08:19:35+00:00,9.18,3.61,0.0
2023-05-08 08:19:36+00:00,9.18,3.61,-0.41000000000000014
2023-05-08 08:19:37+00:00,8.77,3.45,0.0
2023-05-08 08:19:38+00:00,8.77,3.45,0.0
2023-05-08 08:19:39+00:00,8.77,3.45,0.0
2023-05-08 08:19:40+00:00,8.77,3.45,0.0
2023-05-08 08:19:41+00:00,8.77,3.45,0.0
2023-05-08 08:19:43+00:00,8.77,3.45,0.0
2023-05-08 08:19:44+00:00,8.77,3.45,0.0
2023-05-08 08:19:45+00:00,8.77,3.45,0.0
2023-05-08 08:19:46+00:00,8.77,3.45,0.4800000000000004
2023-05-08 08:19:47+00:00,9.25,3.64,0.0
2023-05-08 08:19:48+00:00,9.25,3.64,-0.4299999999999997
2023-05-08 08:19:49+00:00,8.82,3.47,0.0
2023-05-08 08:19:50+00:00,8.82,3.47,0.019999999999999574
2023-05-08 08:19:51+00:00,8.84,3.48,0.0
2023-05-08 08:19:52+00:00,8.84,3.48,-0.019999999999999574
2023-05-08 08:19:53+00:00,8.82,3.47,0.0
2023-05-08 08:19:54+00:00,8.82,3.47,0.019999999999999574
2023-05-08 08:19:55+00:00,8.84,3.48,0.46000000000000085
2023-05-08 08:19:56+00:00,9.3,3.66,0.0
2023-05-08 08:19:58+00:00,9.3,3.66,0.0
2023-05-08 08:19:59+00:00,9.3,3.66,0.0
2023-05-08 08:20:00+00:00,9.3,3.66,0.0
2023-05-08 08:20:01+00:00,9.3,3.66,0.0
2023-05-08 08:20:02+00:00,9.3,3.66,0.0
2023-05-08 08:20:04+00:00,9.3,3.66,0.0
2023-05-08 08:20:05+00:00,9.3,3.66,0.06999999999999851
2023-05-08 08:20:06+00:00,9.37,3.69,0.0
2023-05-08 08:20:07+00:00,9.37,3.69,0.0
2023-05-08 08:20:09+00:00,9.37,3.69,0.0
2023-05-08 08:20:10+00:00,9.37,3.69,0.0
2023-05-08 08:20:11+00:00,9.37,3.69,0.0
2023-05-08 08:20:12+00:00,9.37,3.69,0.0
2023-05-08 08:20:14+00:00,9.37,3.69,0.47000000000000064
2023-05-08 08:20:15+00:00,9.84,3.88,0.0
2023-05-08 08:20:16+00:00,9.84,3.88,-0.20999999999999996
2023-05-08 08:20:18+00:00,9.42,3.71,0.0
2023-05-08 08:20:19+00:00,9.42,3.71,0.0
2023-05-08 08:20:20+00:00,9.42,3.71,0.0
2023-05-08 08:20:21+00:00,9.42,3.71,0.0
2023-05-08 08:20:22+00:00,9.42,3.71,0.0
2023-05-08 08:20:23+00:00,9.42,3.71,0.47000000000000064
2023-05-08 08:20:24+00:00,9.89,3.9,-0.20000000000000018
2023-05-08 08:20:26+00:00,9.49,3.73,0.0
2023-05-08 08:20:27+00:00,9.49,3.73,0.0
2023-05-08 08:20:28+00:00,9.49,3.73,-0.21499999999999986
2023-05-08 08:20:30+00:00,9.06,3.57,0.0
2023-05-08 08:20:31+00:00,9.06,3.57,0.0
2023-05-08 08:20:32+00:00,9.06,3.57,0.0
2023-05-08 08:20:34+00:00,9.06,3.57,0.47999999999999865
2023-05-08 08:20:35+00:00,9.54,3.75,0.0
2023-05-08 08:20:36+00:00,9.54,3.75,0.0
2023-05-08 08:20:37+00:00,9.54,3.75,-0.20499999999999918
2023-05-08 08:20:39+00:00,9.13,3.59,0.0
2023-05-08 08:20:40+00:00,9.13,3.59,0.0
2023-05-08 08:20:42+00:00,9.13,3.59,0.0
2023-05-08 08:20:43+00:00,9.13,3.59,0.0
2023-05-08 08:20:44+00:00,9.13,3.59,0.0
2023-05-08 08:20:45+00:00,9.13,3.59,0.23499999999999943
2023-05-08 08:20:47+00:00,9.6,3.78,0.0
2023-05-08 08:20:48+00:00,9.6,3.78,-0.41999999999999993
2023-05-08 08:20:49+00:00,9.18,3.61,0.0
2023-05-08 08:20:51+00:00,9.18,3.61,0.0
2023-05-08 08:20:52+00:00,9.18,3.61,0.0
2023-05-08 08:20:53+00:00,9.18,3.61,0.0
2023-05-08 08:20:54+00:00,9.18,3.61,0.0
2023-05-08 08:20:55+00:00,9.18,3.61,0.120000000000001
2023-05-08 08:20:56+00:00,9.3,3.66,-0.120000000000001
2023-05-08 08:20:57+00:00,9.18,3.61,0.0
2023-05-08 08:20:59+00:00,9.18,3.61,0.4800000000000004
2023-05-08 08:21:00+00:00,9.66,3.8,0.0
2023-05-08 08:21:01+00:00,9.66,3.8,-0.41000000000000014
2023-05-08 08:21:02+00:00,9.25,3.64,0.0
2023-05-08 08:21:04+00:00,9.25,3.64,0.0
2023-05-08 08:21:05+00:00,9.25,3.64,0.0
2023-05-08 08:21:06+00:00,9.25,3.64,0.0
2023-05-08 08:21:08+00:00,9.25,3.64,0.0
2023-05-08 08:21:09+00:00,9.25,3.64,0.47000000000000064
2023-05-08 08:21:10+00:00,9.72,3.83,0.0
2023-05-08 08:21:11+00:00,9.72,3.83,0.0
2023-05-08 08:21:13+00:00,9.72,3.83,0.0
2023-05-08 08:21:14+00:00,9.72,3.83,0.0
2023-05-08 08:21:15+00:00,9.72,3.83,0.0
2023-05-08 08:21:16+00:00,9.72,3.83,-0.004999999999999893
2023-05-08 08:21:18+00:00,9.71,3.82,0.46999999999999886
2023-05-08 08:21:19+00:00,10.18,4.01,0.0
2023-05-08 08:21:20+00:00,10.18,4.01,-0.41000000000000014
2023-05-08 08:21:21+00:00,9.77,3.85,0.0
2023-05-08 08:21:23+00:00,9.77,3.85,0.0
2023-05-08 08:21:24+00:00,9.77,3.85,0.21499999999999986
2023-05-08 08:21:26+00:00,10.2,4.02,-0.4299999999999997
2023-05-08 08:21:27+00:00,9.77,3.85,0.8900000000000006
2023-05-08 08:21:28+00:00,10.66,4.2,-0.41000000000000014
2023-05-08 08:21:29+00:00,10.25,4.04,0.0
2023-05-08 08:21:30+00:00,10.25,4.04,0.0
2023-05-08 08:21:31+00:00,10.25,4.04,-0.41000000000000014
2023-05-08 08:21:32+00:00,9.84,3.88,-0.004999999999999893
2023-05-08 08:21:34+00:00,9.83,3.87,0.41999999999999993
2023-05-08 08:21:35+00:00,10.25,4.04,1.2400000000000002
2023-05-08 08:21:36+00:00,11.49,4.52,0.41000000000000014
2023-05-08 08:21:37+00:00,11.9,4.69,-1.17
2023-05-08 08:21:38+00:00,10.73,4.22,-0.4299999999999997
2023-05-08 08:21:39+00:00,10.3,4.06,-0.20500000000000007
2023-05-08 08:21:41+00:00,9.89,3.9,0.0
2023-05-08 08:21:42+00:00,9.89,3.9,0.0
2023-05-08 08:21:43+00:00,9.89,3.9,0.0
2023-05-08 08:21:45+00:00,9.89,3.9,0.47999999999999865
2023-05-08 08:21:46+00:00,10.37,4.08,0.0
2023-05-08 08:21:47+00:00,10.37,4.08,0.0
2023-05-08 08:21:48+00:00,10.37,4.08,-0.4299999999999997
2023-05-08 08:21:49+00:00,9.94,3.92,0.02000000000000135
2023-05-08 08:21:50+00:00,9.96,3.92,-0.4200000000000017
2023-05-08 08:21:51+00:00,9.54,3.75,0.0
2023-05-08 08:21:52+00:00,9.54,3.75,0.0
2023-05-08 08:21:54+00:00,9.54,3.75,0.0
2023-05-08 08:21:55+00:00,9.54,3.75,0.0
2023-05-08 08:21:56+00:00,9.54,3.75,0.0
2023-05-08 08:21:57+00:00,9.54,3.75,0.0
2023-05-08 08:21:59+00:00,9.54,3.75,0.47000000000000064
2023-05-08 08:22:00+00:00,10.01,3.94,0.0
2023-05-08 08:22:01+00:00,10.01,3.94,0.0
2023-05-08 08:22:02+00:00,10.01,3.94,-0.20500000000000007
2023-05-08 08:22:04+00:00,9.6,3.78,0.0
2023-05-08 08:22:05+00:00,9.6,3.78,0.0
2023-05-08 08:22:06+00:00,9.6,3.78,0.0
2023-05-08 08:22:07+00:00,9.6,3.78,0.0
2023-05-08 08:22:09+00:00,9.6,3.78,0.0
2023-05-08 08:22:10+00:00,9.6,3.78,0.4800000000000004
2023-05-08 08:22:11+00:00,10.08,3.97,-0.009999999999999787
2023-05-08 08:22:13+00:00,10.06,3.96,-0.40000000000000036
2023-05-08 08:22:14+00:00,9.66,3.8,0.0
2023-05-08 08:22:15+00:00,9.66,3.8,0.0
2023-05-08 08:22:16+00:00,9.66,3.8,0.0
2023-05-08 08:22:18+00:00,9.66,3.8,0.0
2023-05-08 08:22:19+00:00,9.66,3.8,0.41999999999999993
2023-05-08 08:22:20+00:00,10.08,3.97,-0.20999999999999996
2023-05-08 08:22:22+00:00,9.66,3.8,0.47000000000000064
2023-05-08 08:22:23+00:00,10.13,3.99,0.0
2023-05-08 08:22:25+00:00,10.13,3.99,0.0
2023-05-08 08:22:26+00:00,10.13,3.99,0.0
2023-05-08 08:22:27+00:00,10.13,3.99,0.0
2023-05-08 08:22:28+00:00,10.13,3.99,0.0
2023-05-08 08:22:29+00:00,10.13,3.99,0.47999999999999865
2023-05-08 08:22:30+00:00,10.61,4.18,-0.4299999999999997
2023-05-08 08:22:31+00:00,10.18,4.01,0.0
2023-05-08 08:22:32+00:00,10.18,4.01,0.009999999999999787
2023-05-08 08:22:34+00:00,10.2,4.02,-0.019999999999999574
2023-05-08 08:22:35+00:00,10.18,4.01,0.0
2023-05-08 08:22:36+00:00,10.18,4.01,0.019999999999999574
2023-05-08 08:22:37+00:00,10.2,4.02,-0.009999999999999787
2023-05-08 08:22:39+00:00,10.18,4.01,0.4800000000000004
2023-05-08 08:22:40+00:00,10.66,4.2,-0.41000000000000014
2023-05-08 08:22:41+00:00,10.25,4.04,0.0
2023-05-08 08:22:42+00:00,10.25,4.04,0.0
2023-05-08 08:22:43+00:00,10.25,4.04,0.0
2023-05-08 08:22:44+00:00,10.25,4.04,0.0
2023-05-08 08:22:45+00:00,10.25,4.04,0.0
2023-05-08 08:22:47+00:00,10.25,4.04,0.0
2023-05-08 08:22:48+00:00,10.25,4.04,0.4800000000000004
2023-05-08 08:22:49+00:00,10.73,4.22,-0.20500000000000007
2023-05-08 08:22:51+00:00,10.32,4.06,0.0
2023-05-08 08:22:52+00:00,10.32,4.06,0.0
2023-05-08 08:22:53+00:00,10.32,4.06,-0.009999999999999787
2023-05-08 08:22:55+00:00,10.3,4.06,-0.41000000000000014
2023-05-08 08:22:56+00:00,9.89,3.9,0.0
2023-05-08 08:22:57+00:00,9.89,3.9,0.0
2023-05-08 08:22:58+00:00,9.89,3.9,0.0
2023-05-08 08:22:59+00:00,9.89,3.9,0.47999999999999865
2023-05-08 08:23:00+00:00,10.37,4.08,0.0
2023-05-08 08:23:02+00:00,10.37,4.08,0.0
2023-05-08 08:23:03+00:00,10.37,4.08,0.0
2023-05-08 08:23:04+00:00,10.37,4.08,-0.21499999999999986
2023-05-08 08:23:06+00:00,9.94,3.92,0.0
2023-05-08 08:23:07+00:00,9.94,3.92,0.02000000000000135
2023-05-08 08:23:08+00:00,9.96,3.92,0.0
2023-05-08 08:23:09+00:00,9.96,3.92,-0.010000000000000675
2023-05-08 08:23:11+00:00,9.94,3.92,0.0
2023-05-08 08:23:12+00:00,9.94,3.92,0.2400000000000002
2023-05-08 08:23:14+00:00,10.42,4.1,-0.41000000000000014
2023-05-08 08:23:15+00:00,10.01,3.94,0.0
2023-05-08 08:23:17+00:00,10.01,3.94,0.0
2023-05-08 08:23:18+00:00,10.01,3.94,-0.41999999999999993
2023-05-08 08:23:19+00:00,9.59,3.77,0.41999999999999993
2023-05-08 08:23:20+00:00,10.01,3.94,0.0
2023-05-08 08:23:22+00:00,10.01,3.94,0.0
2023-05-08 08:23:23+00:00,10.01,3.94,0.0
2023-05-08 08:23:24+00:00,10.01,3.94,0.025000000000000355
2023-05-08 08:23:26+00:00,10.06,3.96,0.0
2023-05-08 08:23:27+00:00,10.06,3.96,0.019999999999999574
2023-05-08 08:23:28+00:00,10.08,3.97,0.0
2023-05-08 08:23:29+00:00,10.08,3.97,0.0
2023-05-08 08:23:31+00:00,10.08,3.97,0.0
2023-05-08 08:23:32+00:00,10.08,3.97,-0.019999999999999574
2023-05-08 08:23:33+00:00,10.06,3.96,0.0
2023-05-08 08:23:35+00:00,10.06,3.96,0.019999999999999574
2023-05-08 08:23:36+00:00,10.08,3.97,-0.019999999999999574
2023-05-08 08:23:37+00:00,10.06,3.96,0.07000000000000028
2023-05-08 08:23:38+00:00,10.13,3.99,0.0
2023-05-08 08:23:39+00:00,10.13,3.99,0.0
2023-05-08 08:23:40+00:00,10.13,3.99,0.0
2023-05-08 08:23:41+00:00,10.13,3.99,0.0
2023-05-08 08:23:42+00:00,10.13,3.99,0.0
2023-05-08 08:23:44+00:00,10.13,3.99,0.0
2023-05-08 08:23:45+00:00,10.13,3.99,0.0
2023-05-08 08:23:46+00:00,10.13,3.99,0.23999999999999932
2023-05-08 08:23:48+00:00,10.61,4.18,-0.4299999999999997
2023-05-08 08:23:49+00:00,10.18,4.01,0.019999999999999574
2023-05-08 08:23:50+00:00,10.2,4.02,-0.009999999999999787
2023-05-08 08:23:52+00:00,10.18,4.01,0.0
2023-05-08 08:23:53+00:00,10.18,4.01,0.019999999999999574
2023-05-08 08:23:54+00:00,10.2,4.02,-0.019999999999999574
2023-05-08 08:23:55+00:00,10.18,4.01,0.4800000000000004
2023-05-08 08:23:56+00:00,10.66,4.2,0.0
2023-05-08 08:23:58+00:00,10.66,4.2,-0.41000000000000014
2023-05-08 08:23:59+00:00,10.25,4.04,0.0
2023-05-08 08:24:01+00:00,10.25,4.04,0.0
2023-05-08 08:24:02+00:00,10.25,4.04,0.0
2023-05-08 08:24:03+00:00,10.25,4.04,0.0
2023-05-08 08:24:04+00:00,10.25,4.04,0.2400000000000002
2023-05-08 08:24:06+00:00,10.73,4.22,0.0
2023-05-08 08:24:07+00:00,10.73,4.22,-0.4299999999999997
2023-05-08 08:24:08+00:00,10.3,4.06,0.0
2023-05-08 08:24:10+00:00,10.3,4.06,0.0
2023-05-08 08:24:11+00:00,10.3,4.06,0.009999999999999787
2023-05-08 08:24:13+00:00,10.32,4.06,0.0
2023-05-08 08:24:14+00:00,10.32,4.06,0.049999999999998934
2023-05-08 08:24:15+00:00,10.37,4.08,0.0
2023-05-08 08:24:16+00:00,10.37,4.08,0.0
2023-05-08 08:24:18+00:00,10.37,4.08,0.0
2023-05-08 08:24:19+00:00,10.37,4.08,0.0
2023-05-08 08:24:20+00:00,10.37,4.08,0.0
2023-05-08 08:24:21+00:00,10.37,4.08,0.0
2023-05-08 08:24:22+00:00,10.37,4.08,0.0
2023-05-08 08:24:23+00:00,10.37,4.08,-0.40999999999999837
2023-05-08 08:24:24+00:00,9.96,3.92,-0.02000000000000135
2023-05-08 08:24:25+00:00,9.94,3.92,0.010000000000000675
2023-05-08 08:24:27+00:00,9.96,3.92,0.4599999999999991
2023-05-08 08:24:28+00:00,10.42,4.1,0.019999999999999574
2023-05-08 08:24:29+00:00,10.44,4.11,-0.019999999999999574
2023-05-08 08:24:30+00:00,10.42,4.1,0.0
2023-05-08 08:24:32+00:00,10.42,4.1,-0.41000000000000014
2023-05-08 08:24:33+00:00,10.01,3.94,0.0
2023-05-08 08:24:35+00:00,10.01,3.94,0.0
2023-05-08 08:24:36+00:00,10.01,3.94,0.0
2023-05-08 08:24:37+00:00,10.01,3.94,0.0
2023-05-08 08:24:38+00:00,10.01,3.94,0.0
2023-05-08 08:24:39+00:00,10.01,3.94,0.0
2023-05-08 08:24:40+00:00,10.01,3.94,0.4800000000000004
2023-05-08 08:24:41+00:00,10.49,4.13,0.0
2023-05-08 08:24:42+00:00,10.49,4.13,0.0
2023-05-08 08:24:44+00:00,10.49,4.13,0.0
2023-05-08 08:24:45+00:00,10.49,4.13,-0.41000000000000014
2023-05-08 08:24:46+00:00,10.08,3.97,-0.019999999999999574
2023-05-08 08:24:47+00:00,10.06,3.96,0.0
2023-05-08 08:24:48+00:00,10.06,3.96,0.019999999999999574
2023-05-08 08:24:49+00:00,10.08,3.97,0.0
2023-05-08 08:24:50+00:00,10.08,3.97,-0.019999999999999574
2023-05-08 08:24:51+00:00,10.06,3.96,0.019999999999999574
2023-05-08 08:24:52+00:00,10.08,3.97,0.4599999999999991
2023-05-08 08:24:53+00:00,10.54,4.15,0.0
2023-05-08 08:24:54+00:00,10.54,4.15,0.0
2023-05-08 08:24:55+00:00,10.54,4.15,0.0
2023-05-08 08:24:56+00:00,10.54,4.15,0.0
2023-05-08 08:24:57+00:00,10.54,4.15,0.0
2023-05-08 08:24:59+00:00,10.54,4.15,0.0
2023-05-08 08:25:00+00:00,10.54,4.15,0.0
2023-05-08 08:25:01+00:00,10.54,4.15,0.0
2023-05-08 08:25:02+00:00,10.54,4.15,0.07000000000000028
2023-05-08 08:25:03+00:00,10.61,4.18,0.0
2023-05-08 08:25:04+00:00,10.61,4.18,0.0
2023-05-08 08:25:05+00:00,10.61,4.18,0.0
2023-05-08 08:25:06+00:00,10.61,4.18,0.0
2023-05-08 08:25:07+00:00,10.61,4.18,0.0
2023-05-08 08:25:08+00:00,10.61,4.18,0.0
2023-05-08 08:25:09+00:00,10.61,4.18,0.0
2023-05-08 08:25:10+00:00,10.61,4.18,0.0
2023-05-08 08:25:11+00:00,10.61,4.18,0.05000000000000071
2023-05-08 08:25:12+00:00,10.66,4.2,0.0
2023-05-08 08:25:13+00:00,10.66,4.2,0.0
2023-05-08 08:25:14+00:00,10.66,4.2,0.0
2023-05-08 08:25:16+00:00,10.66,4.2,0.0
2023-05-08 08:25:17+00:00,10.66,4.2,0.0
2023-05-08 08:25:18+00:00,10.66,4.2,0.0
2023-05-08 08:25:19+00:00,10.66,4.2,0.0
2023-05-08 08:25:20+00:00,10.66,4.2,0.0
2023-05-08 08:25:21+00:00,10.66,4.2,0.019999999999999574
2023-05-08 08:25:22+00:00,10.68,4.2,0.05000000000000071
2023-05-08 08:25:23+00:00,10.73,4.22,0.0
2023-05-08 08:25:24+00:00,10.73,4.22,0.0
2023-05-08 08:25:25+00:00,10.73,4.22,0.0
2023-05-08 08:25:27+00:00,10.73,4.22,0.0
2023-05-08 08:25:28+00:00,10.73,4.22,0.0
2023-05-08 08:25:29+00:00,10.73,4.22,0.0
2023-05-08 08:25:30+00:00,10.73,4.22,0.0
2023-05-08 08:25:31+00:00,10.73,4.22,0.049999999999998934
2023-05-08 08:25:32+00:00,10.78,4.24,0.0
2023-05-08 08:25:33+00:00,10.78,4.24,0.0
2023-05-08 08:25:34+00:00,10.78,4.24,0.0
2023-05-08 08:25:35+00:00,10.78,4.24,0.0
2023-05-08 08:25:36+00:00,10.78,4.24,-0.20500000000000007
2023-05-08 08:25:38+00:00,10.37,4.08,0.0
2023-05-08 08:25:39+00:00,10.37,4.08,0.0
2023-05-08 08:25:40+00:00,10.37,4.08,0.0
2023-05-08 08:25:41+00:00,10.37,4.08,0.0
2023-05-08 08:25:43+00:00,10.37,4.08,0.0
2023-05-08 08:25:44+00:00,10.37,4.08,0.0
2023-05-08 08:25:45+00:00,10.37,4.08,0.4800000000000004
2023-05-08 08:25:46+00:00,10.85,4.27,0.0
2023-05-08 08:25:47+00:00,10.85,4.27,0.0
2023-05-08 08:25:48+00:00,10.85,4.27,-0.4299999999999997
2023-05-08 08:25:49+00:00,10.42,4.1,0.0
2023-05-08 08:25:50+00:00,10.42,4.1,0.0
2023-05-08 08:25:51+00:00,10.42,4.1,0.0
2023-05-08 08:25:52+00:00,10.42,4.1,0.0
2023-05-08 08:25:53+00:00,10.42,4.1,0.0
2023-05-08 08:25:54+00:00,10.42,4.1,0.0
2023-05-08 08:25:55+00:00,10.42,4.1,0.0
2023-05-08 08:25:56+00:00,10.42,4.1,0.0
2023-05-08 08:25:58+00:00,10.42,4.1,0.4800000000000004
2023-05-08 08:25:59+00:00,10.9,4.29,-0.41000000000000014
2023-05-08 08:26:00+00:00,10.49,4.13,0.0
2023-05-08 08:26:01+00:00,10.49,4.13,0.0
2023-05-08 08:26:02+00:00,10.49,4.13,0.0
2023-05-08 08:26:03+00:00,10.49,4.13,0.0
2023-05-08 08:26:04+00:00,10.49,4.13,0.0
2023-05-08 08:26:06+00:00,10.49,4.13,0.0
2023-05-08 08:26:07+00:00,10.49,4.13,0.0
2023-05-08 08:26:08+00:00,10.49,4.13,0.0
2023-05-08 08:26:09+00:00,10.49,4.13,0.0
2023-05-08 08:26:10+00:00,10.49,4.13,0.4800000000000004
2023-05-08 08:26:11+00:00,10.97,4.32,0.0
2023-05-08 08:26:12+00:00,10.97,4.32,0.0
2023-05-08 08:26:14+00:00,10.97,4.32,-0.4300000000000015
2023-05-08 08:26:15+00:00,10.54,4.15,0.0
2023-05-08 08:26:17+00:00,10.54,4.15,0.0
2023-05-08 08:26:18+00:00,10.54,4.15,0.0
2023-05-08 08:26:19+00:00,10.54,4.15,0.0
2023-05-08 08:26:20+00:00,10.54,4.15,0.4800000000000004
2023-05-08 08:26:21+00:00,11.02,4.34,0.0
2023-05-08 08:26:22+00:00,11.02,4.34,0.0
2023-05-08 08:26:24+00:00,11.02,4.34,0.0
2023-05-08 08:26:25+00:00,11.02,4.34,0.0
2023-05-08 08:26:26+00:00,11.02,4.34,0.0
2023-05-08 08:26:27+00:00,11.02,4.34,0.0
2023-05-08 08:26:28+00:00,11.02,4.34,0.0
2023-05-08 08:26:29+00:00,11.02,4.34,0.0600000000000005
2023-05-08 08:26:30+00:00,11.08,4.36,0.0
2023-05-08 08:26:31+00:00,11.08,4.36,0.0
2023-05-08 08:26:32+00:00,11.08,4.36,0.0
2023-05-08 08:26:33+00:00,11.08,4.36,0.0
2023-05-08 08:26:34+00:00,11.08,4.36,0.0
2023-05-08 08:26:35+00:00,11.08,4.36,0.0
2023-05-08 08:26:36+00:00,11.08,4.36,0.0
2023-05-08 08:26:37+00:00,11.08,4.36,0.0
2023-05-08 08:26:38+00:00,11.08,4.36,0.0
2023-05-08 08:26:40+00:00,11.08,4.36,0.0600000000000005
2023-05-08 08:26:41+00:00,11.14,4.38,0.0
2023-05-08 08:26:42+00:00,11.14,4.38,0.0
2023-05-08 08:26:43+00:00,11.14,4.38,0.0
2023-05-08 08:26:44+00:00,11.14,4.38,0.0
2023-05-08 08:26:45+00:00,11.14,4.38,0.0
2023-05-08 08:26:46+00:00,11.14,4.38,-0.41000000000000014
2023-05-08 08:26:47+00:00,10.73,4.22,0.0
2023-05-08 08:26:48+00:00,10.73,4.22,0.46999999999999886
2023-05-08 08:26:49+00:00,11.2,4.41,0.0
2023-05-08 08:26:50+00:00,11.2,4.41,-0.009999999999999787
2023-05-08 08:26:51+00:00,11.19,4.4,0.004999999999999893
2023-05-08 08:26:53+00:00,11.2,4.41,-0.41999999999999993
2023-05-08 08:26:54+00:00,10.78,4.24,0.0
2023-05-08 08:26:55+00:00,10.78,4.24,0.0
2023-05-08 08:26:56+00:00,10.78,4.24,0.0
2023-05-08 08:26:57+00:00,10.78,4.24,0.0
2023-05-08 08:26:59+00:00,10.78,4.24,0.0
2023-05-08 08:27:00+00:00,10.78,4.24,0.0
2023-05-08 08:27:01+00:00,10.78,4.24,0.47000000000000064
2023-05-08 08:27:02+00:00,11.25,4.43,0.0
2023-05-08 08:27:03+00:00,11.25,4.43,0.0
2023-05-08 08:27:04+00:00,11.25,4.43,-0.40000000000000036
2023-05-08 08:27:05+00:00,10.85,4.27,0.0
2023-05-08 08:27:06+00:00,10.85,4.27,0.0
2023-05-08 08:27:08+00:00,10.85,4.27,0.0
2023-05-08 08:27:10+00:00,10.85,4.27,0.0
2023-05-08 08:27:11+00:00,10.85,4.27,0.0
2023-05-08 08:27:12+00:00,10.85,4.27,0.0
2023-05-08 08:27:14+00:00,10.85,4.27,0.025000000000000355
2023-05-08 08:27:16+00:00,10.9,4.29,0.0
2023-05-08 08:27:17+00:00,10.9,4.29,0.0
2023-05-08 08:27:18+00:00,10.9,4.29,0.0
2023-05-08 08:27:19+00:00,10.9,4.29,0.0
2023-05-08 08:27:20+00:00,10.9,4.29,0.0
2023-05-08 08:27:21+00:00,10.9,4.29,0.0
2023-05-08 08:27:22+00:00,10.9,4.29,0.0
2023-05-08 08:27:23+00:00,10.9,4.29,0.0
2023-05-08 08:27:24+00:00,10.9,4.29,0.0
2023-05-08 08:27:25+00:00,10.9,4.29,0.0
2023-05-08 08:27:27+00:00,10.9,4.29,0.46999999999999886
2023-05-08 08:27:28+00:00,11.37,4.48,-0.3999999999999986
2023-05-08 08:27:29+00:00,10.97,4.32,0.0
2023-05-08 08:27:30+00:00,10.97,4.32,0.0
2023-05-08 08:27:31+00:00,10.97,4.32,0.0
2023-05-08 08:27:33+00:00,10.97,4.32,0.0
2023-05-08 08:27:34+00:00,10.97,4.32,0.0
2023-05-08 08:27:35+00:00,10.97,4.32,0.0
2023-05-08 08:27:36+00:00,10.97,4.32,0.0
2023-05-08 08:27:37+00:00,10.97,4.32,0.0
2023-05-08 08:27:38+00:00,10.97,4.32,0.4499999999999993
2023-05-08 08:27:39+00:00,11.42,4.5,0.0
2023-05-08 08:27:40+00:00,11.42,4.5,-0.40000000000000036
2023-05-08 08:27:41+00:00,11.02,4.34,0.0
2023-05-08 08:27:42+00:00,11.02,4.34,0.0
2023-05-08 08:27:43+00:00,11.02,4.34,0.0
2023-05-08 08:27:44+00:00,11.02,4.34,0.0
2023-05-08 08:27:45+00:00,11.02,4.34,0.0
2023-05-08 08:27:46+00:00,11.02,4.34,0.0
2023-05-08 08:27:47+00:00,11.02,4.34,0.47000000000000064
2023-05-08 08:27:48+00:00,11.49,4.52,0.0
2023-05-08 08:27:49+00:00,11.49,4.52,0.0
2023-05-08 08:27:50+00:00,11.49,4.52,0.0
2023-05-08 08:27:52+00:00,11.49,4.52,0.0
2023-05-08 08:27:53+00:00,11.49,4.52,0.0
2023-05-08 08:27:54+00:00,11.49,4.52,0.0
2023-05-08 08:27:55+00:00,11.49,4.52,0.0
2023-05-08 08:27:56+00:00,11.49,4.52,0.07000000000000028
2023-05-08 08:27:57+00:00,11.56,4.55,-0.02000000000000135
2023-05-08 08:27:58+00:00,11.54,4.54,0.0
2023-05-08 08:27:59+00:00,11.54,4.54,0.0
2023-05-08 08:28:00+00:00,11.54,4.54,0.0
2023-05-08 08:28:02+00:00,11.54,4.54,0.0
2023-05-08 08:28:03+00:00,11.54,4.54,0.02000000000000135
2023-05-08 08:28:04+00:00,11.56,4.55,-0.02000000000000135
2023-05-08 08:28:05+00:00,11.54,4.54,-0.3999999999999986
2023-05-08 08:28:06+00:00,11.14,4.38,0.23499999999999943
2023-05-08 08:28:08+00:00,11.61,4.57,0.0
2023-05-08 08:28:09+00:00,11.61,4.57,0.0
2023-05-08 08:28:10+00:00,11.61,4.57,-0.41999999999999993
2023-05-08 08:28:11+00:00,11.19,4.4,0.009999999999999787
2023-05-08 08:28:12+00:00,11.2,4.41,0.0
2023-05-08 08:28:13+00:00,11.2,4.41,0.0
2023-05-08 08:28:14+00:00,11.2,4.41,-0.009999999999999787
2023-05-08 08:28:15+00:00,11.19,4.4,0.009999999999999787
2023-05-08 08:28:16+00:00,11.2,4.41,-0.004999999999999893
2023-05-08 08:28:18+00:00,11.19,4.4,-0.019999999999999574
2023-05-08 08:28:19+00:00,11.17,4.4,0.4900000000000002
2023-05-08 08:28:20+00:00,11.66,4.59,0.0
2023-05-08 08:28:21+00:00,11.66,4.59,0.0
2023-05-08 08:28:22+00:00,11.66,4.59,-0.41000000000000014
2023-05-08 08:28:23+00:00,11.25,4.43,0.0
2023-05-08 08:28:24+00:00,11.25,4.43,0.0
2023-05-08 08:28:25+00:00,11.25,4.43,0.0
2023-05-08 08:28:26+00:00,11.25,4.43,0.0
2023-05-08 08:28:27+00:00,11.25,4.43,0.0
2023-05-08 08:28:28+00:00,11.25,4.43,0.0
2023-05-08 08:28:29+00:00,11.25,4.43,0.0
2023-05-08 08:28:31+00:00,11.25,4.43,0.4800000000000004
2023-05-08 08:28:32+00:00,11.73,4.62,0.0
2023-05-08 08:28:33+00:00,11.73,4.62,-0.41000000000000014
2023-05-08 08:28:34+00:00,11.32,4.46,0.0
2023-05-08 08:28:35+00:00,11.32,4.46,0.0
2023-05-08 08:28:36+00:00,11.32,4.46,-0.009999999999999787
2023-05-08 08:28:37+00:00,11.31,4.45,0.0
2023-05-08 08:28:39+00:00,11.31,4.45,0.009999999999999787
2023-05-08 08:28:40+00:00,11.32,4.46,-0.009999999999999787
2023-05-08 08:28:41+00:00,11.31,4.45,0.0
2023-05-08 08:28:42+00:00,11.31,4.45,0.009999999999999787
2023-05-08 08:28:43+00:00,11.32,4.46,0.4599999999999991
2023-05-08 08:28:44+00:00,11.78,4.64,0.0
2023-05-08 08:28:45+00:00,11.78,4.64,0.0
2023-05-08 08:28:46+00:00,11.78,4.64,-0.20500000000000007
2023-05-08 08:28:48+00:00,11.37,4.48,0.0
2023-05-08 08:28:49+00:00,11.37,4.48,0.0
2023-05-08 08:28:50+00:00,11.37,4.48,0.0
2023-05-08 08:28:51+00:00,11.37,4.48,0.0
2023-05-08 08:28:52+00:00,11.37,4.48,0.0
2023-05-08 08:28:54+00:00,11.37,4.48,0.0
2023-05-08 08:28:55+00:00,11.37,4.48,0.4800000000000004
2023-05-08 08:28:56+00:00,11.85,4.66,0.0
2023-05-08 08:28:57+00:00,11.85,4.66,0.0
2023-05-08 08:28:58+00:00,11.85,4.66,0.0
2023-05-08 08:29:00+00:00,11.85,4.66,-0.4299999999999997
2023-05-08 08:29:01+00:00,11.42,4.5,0.4299999999999997
2023-05-08 08:29:02+00:00,11.85,4.66,-0.41000000000000014
2023-05-08 08:29:03+00:00,11.44,4.5,0.41000000000000014
2023-05-08 08:29:04+00:00,11.85,4.66,0.05000000000000071
2023-05-08 08:29:05+00:00,11.9,4.69,0.0
2023-05-08 08:29:06+00:00,11.9,4.69,0.0
2023-05-08 08:29:07+00:00,11.9,4.69,0.0
2023-05-08 08:29:08+00:00,11.9,4.69,0.0
2023-05-08 08:29:10+00:00,11.9,4.69,0.0
2023-05-08 08:29:11+00:00,11.9,4.69,0.019999999999999574
2023-05-08 08:29:12+00:00,11.92,4.69,-0.019999999999999574
2023-05-08 08:29:13+00:00,11.9,4.69,0.019999999999999574
2023-05-08 08:29:14+00:00,11.92,4.69,0.05000000000000071
2023-05-08 08:29:15+00:00,11.97,4.71,0.0
2023-05-08 08:29:16+00:00,11.97,4.71,0.0
2023-05-08 08:29:17+00:00,11.97,4.71,0.0
2023-05-08 08:29:18+00:00,11.97,4.71,0.0
2023-05-08 08:29:20+00:00,11.97,4.71,0.0
2023-05-08 08:29:21+00:00,11.97,4.71,0.0
2023-05-08 08:29:22+00:00,11.97,4.71,0.0
2023-05-08 08:29:23+00:00,11.97,4.71,0.0
2023-05-08 08:29:24+00:00,11.97,4.71,0.049999999999998934
2023-05-08 08:29:25+00:00,12.02,4.73,0.0
2023-05-08 08:29:26+00:00,12.02,4.73,0.0
2023-05-08 08:29:27+00:00,12.02,4.73,0.0
2023-05-08 08:29:28+00:00,12.02,4.73,0.0
2023-05-08 08:29:30+00:00,12.02,4.73,0.0
2023-05-08 08:29:31+00:00,12.02,4.73,0.0
2023-05-08 08:29:32+00:00,12.02,4.73,0.0
2023-05-08 08:29:34+00:00,12.02,4.73,0.0
2023-05-08 08:29:35+00:00,12.02,4.73,0.07000000000000028
2023-05-08 08:29:36+00:00,12.09,4.76,0.0
2023-05-08 08:29:37+00:00,12.09,4.76,0.0
2023-05-08 08:29:38+00:00,12.09,4.76,0.0
2023-05-08 08:29:39+00:00,12.09,4.76,-0.21499999999999986
2023-05-08 08:29:41+00:00,11.66,4.59,0.019999999999999574
2023-05-08 08:29:42+00:00,11.68,4.6,-0.019999999999999574
2023-05-08 08:29:43+00:00,11.66,4.59,0.0
2023-05-08 08:29:44+00:00,11.66,4.59,0.0
2023-05-08 08:29:45+00:00,11.66,4.59,0.019999999999999574
2023-05-08 08:29:46+00:00,11.68,4.6,0.46000000000000085
2023-05-08 08:29:47+00:00,12.14,4.78,0.0
2023-05-08 08:29:48+00:00,12.14,4.78,0.0
2023-05-08 08:29:49+00:00,12.14,4.78,0.0
2023-05-08 08:29:50+00:00,12.14,4.78,0.0
2023-05-08 08:29:52+00:00,12.14,4.78,-0.20500000000000007
2023-05-08 08:29:54+00:00,11.73,4.62,0.0
2023-05-08 08:29:55+00:00,11.73,4.62,0.0
2023-05-08 08:29:56+00:00,11.73,4.62,0.0
2023-05-08 08:29:58+00:00,11.73,4.62,0.0
2023-05-08 08:29:59+00:00,11.73,4.62,0.4800000000000004
2023-05-08 08:30:00+00:00,12.21,4.81,0.0
2023-05-08 08:30:01+00:00,12.21,4.81,0.0
2023-05-08 08:30:02+00:00,12.21,4.81,0.0
2023-05-08 08:30:04+00:00,12.21,4.81,-0.4300000000000015
2023-05-08 08:30:05+00:00,11.78,4.64,0.02000000000000135
2023-05-08 08:30:06+00:00,11.8,4.64,-0.02000000000000135
2023-05-08 08:30:07+00:00,11.78,4.64,0.02000000000000135
2023-05-08 08:30:08+00:00,11.8,4.64,-0.010000000000000675
2023-05-08 08:30:10+00:00,11.78,4.64,0.4300000000000015
2023-05-08 08:30:11+00:00,12.21,4.81,0.049999999999998934
2023-05-08 08:30:12+00:00,12.26,4.83,0.0
2023-05-08 08:30:14+00:00,12.26,4.83,0.0
2023-05-08 08:30:15+00:00,12.26,4.83,0.0
2023-05-08 08:30:16+00:00,12.26,4.83,0.0
2023-05-08 08:30:17+00:00,12.26,4.83,0.0
2023-05-08 08:30:18+00:00,12.26,4.83,0.0
2023-05-08 08:30:19+00:00,12.26,4.83,0.0
2023-05-08 08:30:20+00:00,12.26,4.83,0.0
2023-05-08 08:30:21+00:00,12.26,4.83,0.0600000000000005
2023-05-08 08:30:22+00:00,12.32,4.85,0.0
2023-05-08 08:30:24+00:00,12.32,4.85,0.0
2023-05-08 08:30:25+00:00,12.32,4.85,0.0
2023-05-08 08:30:26+00:00,12.32,4.85,0.0
2023-05-08 08:30:27+00:00,12.32,4.85,0.0
2023-05-08 08:30:28+00:00,12.32,4.85,0.0
2023-05-08 08:30:29+00:00,12.32,4.85,0.0
2023-05-08 08:30:30+00:00,12.32,4.85,0.0
2023-05-08 08:30:31+00:00,12.32,4.85,0.03000000000000025
2023-05-08 08:30:33+00:00,12.38,4.87,0.0
2023-05-08 08:30:34+00:00,12.38,4.87,0.0
2023-05-08 08:30:35+00:00,12.38,4.87,0.0
2023-05-08 08:30:36+00:00,12.38,4.87,0.0
2023-05-08 08:30:37+00:00,12.38,4.87,0.0
2023-05-08 08:30:38+00:00,12.38,4.87,0.0
2023-05-08 08:30:39+00:00,12.38,4.87,0.0
2023-05-08 08:30:41+00:00,12.38,4.87,0.0
2023-05-08 08:30:42+00:00,12.38,4.87,0.05999999999999872
2023-05-08 08:30:43+00:00,12.44,4.9,0.0
2023-05-08 08:30:44+00:00,12.44,4.9,0.0
2023-05-08 08:30:45+00:00,12.44,4.9,0.0
2023-05-08 08:30:46+00:00,12.44,4.9,0.0
2023-05-08 08:30:48+00:00,12.44,4.9,0.0
2023-05-08 08:30:49+00:00,12.44,4.9,-0.41999999999999993
2023-05-08 08:30:50+00:00,12.02,4.73,0.0
2023-05-08 08:30:51+00:00,12.02,4.73,0.0
2023-05-08 08:30:52+00:00,12.02,4.73,0.47000000000000064
2023-05-08 08:30:53+00:00,12.49,4.92,0.0
2023-05-08 08:30:54+00:00,12.49,4.92,0.0
2023-05-08 08:30:55+00:00,12.49,4.92,-0.20000000000000018
2023-05-08 08:30:57+00:00,12.09,4.76,0.0
2023-05-08 08:30:58+00:00,12.09,4.76,0.0
2023-05-08 08:30:59+00:00,12.09,4.76,0.0
2023-05-08 08:31:00+00:00,12.09,4.76,0.0
2023-05-08 08:31:01+00:00,12.09,4.76,0.0
2023-05-08 08:31:02+00:00,12.09,4.76,0.0
2023-05-08 08:31:03+00:00,12.09,4.76,0.0
2023-05-08 08:31:05+00:00,12.09,4.76,0.0
2023-05-08 08:31:06+00:00,12.09,4.76,0.47000000000000064
2023-05-08 08:31:07+00:00,12.56,4.95,-0.41999999999999993
2023-05-08 08:31:08+00:00,12.14,4.78,0.0
2023-05-08 08:31:09+00:00,12.14,4.78,0.0
2023-05-08 08:31:10+00:00,12.14,4.78,-0.02000000000000135
2023-05-08 08:31:11+00:00,12.12,4.77,0.010000000000000675
2023-05-08 08:31:13+00:00,12.14,4.78,0.0
2023-05-08 08:31:14+00:00,12.14,4.78,0.0
2023-05-08 08:31:15+00:00,12.14,4.78,0.0
2023-05-08 08:31:16+00:00,12.14,4.78,0.0
2023-05-08 08:31:17+00:00,12.14,4.78,0.46999999999999886
2023-05-08 08:31:18+00:00,12.61,4.97,-0.41999999999999993
2023-05-08 08:31:19+00:00,12.19,4.8,0.010000000000000675
2023-05-08 08:31:21+00:00,12.21,4.81,0.0
2023-05-08 08:31:22+00:00,12.21,4.81,0.0
2023-05-08 08:31:23+00:00,12.21,4.81,0.0
2023-05-08 08:31:24+00:00,12.21,4.81,0.0
2023-05-08 08:31:25+00:00,12.21,4.81,0.0
2023-05-08 08:31:26+00:00,12.21,4.81,0.0
2023-05-08 08:31:27+00:00,12.21,4.81,0.0
2023-05-08 08:31:28+00:00,12.21,4.81,0.22499999999999964
2023-05-08 08:31:30+00:00,12.66,4.99,0.0
2023-05-08 08:31:31+00:00,12.66,4.99,0.0
2023-05-08 08:31:32+00:00,12.66,4.99,-0.40000000000000036
2023-05-08 08:31:33+00:00,12.26,4.83,0.0
2023-05-08 08:31:35+00:00,12.26,4.83,0.0
2023-05-08 08:31:36+00:00,12.26,4.83,0.0
2023-05-08 08:31:37+00:00,12.26,4.83,0.0
2023-05-08 08:31:38+00:00,12.26,4.83,0.0
2023-05-08 08:31:39+00:00,12.26,4.83,0.23500000000000032
2023-05-08 08:31:41+00:00,12.73,5.01,0.0
2023-05-08 08:31:42+00:00,12.73,5.01,0.0
2023-05-08 08:31:43+00:00,12.73,5.01,-0.41000000000000014
2023-05-08 08:31:44+00:00,12.32,4.85,-0.009999999999999787
2023-05-08 08:31:45+00:00,12.31,4.85,0.009999999999999787
2023-05-08 08:31:46+00:00,12.32,4.85,0.0
2023-05-08 08:31:47+00:00,12.32,4.85,0.0
2023-05-08 08:31:48+00:00,12.32,4.85,0.0
2023-05-08 08:31:49+00:00,12.32,4.85,0.4800000000000004
2023-05-08 08:31:50+00:00,12.8,5.04,-0.02000000000000135
2023-05-08 08:31:51+00:00,12.78,5.03,0.0
2023-05-08 08:31:52+00:00,12.78,5.03,0.0
2023-05-08 08:31:54+00:00,12.78,5.03,-0.3999999999999986
2023-05-08 08:31:55+00:00,12.38,4.87,0.41999999999999993
2023-05-08 08:31:56+00:00,12.8,5.04,-0.41999999999999993
2023-05-08 08:31:57+00:00,12.38,4.87,0.3999999999999986
2023-05-08 08:31:58+00:00,12.78,5.03,0.07000000000000028
2023-05-08 08:31:59+00:00,12.85,5.06,0.0
2023-05-08 08:32:00+00:00,12.85,5.06,0.0
2023-05-08 08:32:02+00:00,12.85,5.06,0.0
2023-05-08 08:32:03+00:00,12.85,5.06,-0.41999999999999993
2023-05-08 08:32:04+00:00,12.43,4.89,0.004999999999999893
2023-05-08 08:32:06+00:00,12.44,4.9,0.0
2023-05-08 08:32:07+00:00,12.44,4.9,0.0
2023-05-08 08:32:08+00:00,12.44,4.9,0.0
2023-05-08 08:32:10+00:00,12.44,4.9,0.46000000000000085
2023-05-08 08:32:11+00:00,12.9,5.08,0.0
2023-05-08 08:32:12+00:00,12.9,5.08,-0.41000000000000014
2023-05-08 08:32:13+00:00,12.49,4.92,0.0
2023-05-08 08:32:14+00:00,12.49,4.92,0.0
2023-05-08 08:32:15+00:00,12.49,4.92,0.0
2023-05-08 08:32:17+00:00,12.49,4.92,0.0
2023-05-08 08:32:18+00:00,12.49,4.92,0.0
2023-05-08 08:32:19+00:00,12.49,4.92,0.0
2023-05-08 08:32:20+00:00,12.49,4.92,0.0
2023-05-08 08:32:21+00:00,12.49,4.92,0.0
2023-05-08 08:32:22+00:00,12.49,4.92,0.03500000000000014
2023-05-08 08:32:24+00:00,12.56,4.95,0.0
2023-05-08 08:32:25+00:00,12.56,4.95,0.0
2023-05-08 08:32:26+00:00,12.56,4.95,-0.009999999999999787
2023-05-08 08:32:27+00:00,12.55,4.94,0.009999999999999787
2023-05-08 08:32:28+00:00,12.56,4.95,-0.009999999999999787
2023-05-08 08:32:29+00:00,12.55,4.94,0.009999999999999787
2023-05-08 08:32:30+00:00,12.56,4.95,-0.004999999999999893
2023-05-08 08:32:32+00:00,12.55,4.94,0.009999999999999787
2023-05-08 08:32:33+00:00,12.56,4.95,0.049999999999998934
2023-05-08 08:32:34+00:00,12.61,4.97,0.0
2023-05-08 08:32:36+00:00,12.61,4.97,0.0
2023-05-08 08:32:37+00:00,12.61,4.97,0.0
2023-05-08 08:32:39+00:00,12.61,4.97,0.0
2023-05-08 08:32:40+00:00,12.61,4.97,0.0
2023-05-08 08:32:41+00:00,12.61,4.97,0.0
2023-05-08 08:32:42+00:00,12.61,4.97,0.0
2023-05-08 08:32:43+00:00,12.61,4.97,0.0
2023-05-08 08:32:44+00:00,12.61,4.97,0.4800000000000004
2023-05-08 08:32:45+00:00,13.09,5.15,-0.4299999999999997
2023-05-08 08:32:46+00:00,12.66,4.99,0.0
2023-05-08 08:32:47+00:00,12.66,4.99,0.0
2023-05-08 08:32:48+00:00,12.66,4.99,0.0
2023-05-08 08:32:49+00:00,12.66,4.99,0.0
2023-05-08 08:32:50+00:00,12.66,4.99,0.009999999999999787
2023-05-08 08:32:52+00:00,12.68,4.99,0.0
2023-05-08 08:32:53+00:00,12.68,4.99,0.46000000000000085
2023-05-08 08:32:54+00:00,13.14,5.17,0.0
2023-05-08 08:32:55+00:00,13.14,5.17,0.0
2023-05-08 08:32:56+00:00,13.14,5.17,-0.41000000000000014
2023-05-08 08:32:57+00:00,12.73,5.01,0.0
2023-05-08 08:32:58+00:00,12.73,5.01,0.0
2023-05-08 08:32:59+00:00,12.73,5.01,0.0
2023-05-08 08:33:00+00:00,12.73,5.01,0.0
2023-05-08 08:33:01+00:00,12.73,5.01,0.2400000000000002
2023-05-08 08:33:03+00:00,13.21,5.2,0.0
2023-05-08 08:33:04+00:00,13.21,5.2,0.0
2023-05-08 08:33:05+00:00,13.21,5.2,0.0
2023-05-08 08:33:06+00:00,13.21,5.2,0.0
2023-05-08 08:33:07+00:00,13.21,5.2,0.0
2023-05-08 08:33:08+00:00,13.21,5.2,0.0
2023-05-08 08:33:09+00:00,13.21,5.2,0.0
2023-05-08 08:33:10+00:00,13.21,5.2,0.0
2023-05-08 08:33:11+00:00,13.21,5.2,0.049999999999998934
2023-05-08 08:33:12+00:00,13.26,5.22,0.0
2023-05-08 08:33:13+00:00,13.26,5.22,0.0
2023-05-08 08:33:15+00:00,13.26,5.22,0.0
2023-05-08 08:33:16+00:00,13.26,5.22,0.0
2023-05-08 08:33:17+00:00,13.26,5.22,0.0
2023-05-08 08:33:18+00:00,13.26,5.22,0.0
2023-05-08 08:33:19+00:00,13.26,5.22,0.05000000000000071
2023-05-08 08:33:20+00:00,13.31,5.24,0.019999999999999574
2023-05-08 08:33:21+00:00,13.33,5.25,0.0
2023-05-08 08:33:23+00:00,13.33,5.25,0.0
2023-05-08 08:33:24+00:00,13.33,5.25,0.0
2023-05-08 08:33:25+00:00,13.33,5.25,0.0
2023-05-08 08:33:26+00:00,13.33,5.25,0.0
2023-05-08 08:33:27+00:00,13.33,5.25,0.0
2023-05-08 08:33:28+00:00,13.33,5.25,0.0
2023-05-08 08:33:29+00:00,13.33,5.25,0.05000000000000071
2023-05-08 08:33:30+00:00,13.38,5.27,0.019999999999999574
2023-05-08 08:33:31+00:00,13.4,5.27,-0.019999999999999574
2023-05-08 08:33:32+00:00,13.38,5.27,0.0
2023-05-08 08:33:33+00:00,13.38,5.27,0.0
2023-05-08 08:33:35+00:00,13.38,5.27,0.0
2023-05-08 08:33:36+00:00,13.38,5.27,0.0
2023-05-08 08:33:37+00:00,13.38,5.27,0.0
2023-05-08 08:33:38+00:00,13.38,5.27,0.0
2023-05-08 08:33:39+00:00,13.38,5.27,0.06999999999999851
2023-05-08 08:33:40+00:00,13.45,5.29,0.0
2023-05-08 08:33:42+00:00,13.45,5.29,0.0
2023-05-08 08:33:43+00:00,13.45,5.29,0.0
2023-05-08 08:33:44+00:00,13.45,5.29,0.0
2023-05-08 08:33:45+00:00,13.45,5.29,0.0
2023-05-08 08:33:46+00:00,13.45,5.29,0.0
2023-05-08 08:33:47+00:00,13.45,5.29,0.0
2023-05-08 08:33:48+00:00,13.45,5.29,0.0
2023-05-08 08:33:49+00:00,13.45,5.29,0.025000000000000355
2023-05-08 08:33:51+00:00,13.5,5.31,0.0
2023-05-08 08:33:52+00:00,13.5,5.31,0.0
2023-05-08 08:33:53+00:00,13.5,5.31,0.0
2023-05-08 08:33:54+00:00,13.5,5.31,0.0
2023-05-08 08:33:55+00:00,13.5,5.31,0.0
2023-05-08 08:33:56+00:00,13.5,5.31,0.0
2023-05-08 08:33:58+00:00,13.5,5.31,0.47000000000000064
2023-05-08 08:33:59+00:00,13.97,5.5,0.0
2023-05-08 08:34:00+00:00,13.97,5.5,0.0
2023-05-08 08:34:01+00:00,13.97,5.5,-0.40000000000000036
2023-05-08 08:34:02+00:00,13.57,5.34,0.0
2023-05-08 08:34:03+00:00,13.57,5.34,0.0
2023-05-08 08:34:05+00:00,13.57,5.34,0.0
2023-05-08 08:34:06+00:00,13.57,5.34,0.46999999999999886
2023-05-08 08:34:07+00:00,14.04,5.53,0.0
2023-05-08 08:34:08+00:00,14.04,5.53,-0.009999999999999787
2023-05-08 08:34:10+00:00,14.02,5.52,0.0
2023-05-08 08:34:11+00:00,14.02,5.52,-0.40000000000000036
2023-05-08 08:34:12+00:00,13.62,5.36,0.0
2023-05-08 08:34:13+00:00,13.62,5.36,0.47000000000000064
2023-05-08 08:34:14+00:00,14.09,5.55,0.0
2023-05-08 08:34:15+00:00,14.09,5.55,0.0
2023-05-08 08:34:16+00:00,14.09,5.55,-0.20999999999999996
2023-05-08 08:34:18+00:00,13.67,5.38,0.019999999999999574
2023-05-08 08:34:19+00:00,13.69,5.39,0.0
2023-05-08 08:34:20+00:00,13.69,5.39,-0.019999999999999574
2023-05-08 08:34:21+00:00,13.67,5.38,0.2450000000000001
2023-05-08 08:34:23+00:00,14.16,5.58,0.0
2023-05-08 08:34:24+00:00,14.16,5.58,-0.41999999999999993
2023-05-08 08:34:25+00:00,13.74,5.41,0.0
2023-05-08 08:34:26+00:00,13.74,5.41,0.0
2023-05-08 08:34:27+00:00,13.74,5.41,0.0
2023-05-08 08:34:29+00:00,13.74,5.41,0.41999999999999993
2023-05-08 08:34:30+00:00,14.16,5.58,0.05000000000000071
2023-05-08 08:34:31+00:00,14.21,5.6,0.0
2023-05-08 08:34:32+00:00,14.21,5.6,0.0
2023-05-08 08:34:33+00:00,14.21,5.6,0.0
2023-05-08 08:34:34+00:00,14.21,5.6,0.0
2023-05-08 08:34:35+00:00,14.21,5.6,0.0
2023-05-08 08:34:36+00:00,14.21,5.6,0.0
2023-05-08 08:34:37+00:00,14.21,5.6,0.0
2023-05-08 08:34:38+00:00,14.21,5.6,0.049999999999998934
2023-05-08 08:34:39+00:00,14.26,5.62,0.0
2023-05-08 08:34:40+00:00,14.26,5.62,0.019999999999999574
2023-05-08 08:34:41+00:00,14.28,5.62,0.0
2023-05-08 08:34:42+00:00,14.28,5.62,0.0
2023-05-08 08:34:43+00:00,14.28,5.62,-0.019999999999999574
2023-05-08 08:34:44+00:00,14.26,5.62,0.019999999999999574
2023-05-08 08:34:45+00:00,14.28,5.62,-0.019999999999999574
2023-05-08 08:34:46+00:00,14.26,5.62,0.0
2023-05-08 08:34:48+00:00,14.26,5.62,0.07000000000000028
2023-05-08 08:34:49+00:00,14.33,5.64,0.0
2023-05-08 08:34:50+00:00,14.33,5.64,0.4800000000000004
2023-05-08 08:34:51+00:00,14.81,5.83,-0.6699999999999999
2023-05-08 08:34:52+00:00,14.14,5.57,2.379999999999999
2023-05-08 08:34:53+00:00,16.52,6.51,-5.295
2023-05-08 08:34:55+00:00,5.93,2.34,49.9
2023-05-08 08:34:56+00:00,55.83,21.98,-0.0690974212034384
2023-05-08 08:46:34+00:00,7.6,2.99,0.17666666666666705
2023-05-08 08:46:37+00:00,8.13,3.2,-1.1900000000000004
2023-05-08 08:46:38+00:00,6.94,2.73,0.7799999999999994
2023-05-08 08:46:39+00:00,7.72,3.04,0.0
2023-05-08 08:46:40+00:00,7.72,3.04,1.240000000000001
2023-05-08 08:46:41+00:00,8.96,3.53,-0.8350000000000004
2023-05-08 08:46:43+00:00,7.29,2.87,0.47999999999999954
2023-05-08 08:46:44+00:00,7.77,3.06,-0.04999999999999982
2023-05-08 08:46:45+00:00,7.72,3.04,0.8099999999999996
2023-05-08 08:46:46+00:00,8.53,3.36,0.0
2023-05-08 08:46:47+00:00,8.53,3.36,-0.8099999999999996
2023-05-08 08:46:48+00:00,7.72,3.04,0.45999999999999996
2023-05-08 08:46:49+00:00,8.18,3.22,-0.20500000000000007
2023-05-08 08:46:51+00:00,7.77,3.06,0.41999999999999993
2023-05-08 08:46:52+00:00,8.19,3.23,-0.009999999999999787
2023-05-08 08:46:53+00:00,8.18,3.22,-0.41000000000000014
2023-05-08 08:46:54+00:00,7.77,3.06,0.0
2023-05-08 08:46:55+00:00,7.77,3.06,0.0
2023-05-08 08:46:56+00:00,7.77,3.06,0.0
2023-05-08 08:46:57+00:00,7.77,3.06,0.0
2023-05-08 08:46:59+00:00,7.77,3.06,0.47000000000000064
2023-05-08 08:47:00+00:00,8.24,3.25,0.0
2023-05-08 08:47:01+00:00,8.24,3.25,0.0
2023-05-08 08:47:02+00:00,8.24,3.25,0.0
2023-05-08 08:47:03+00:00,8.24,3.25,-0.20999999999999996
2023-05-08 08:47:05+00:00,7.82,3.08,0.0
2023-05-08 08:47:06+00:00,7.82,3.08,0.009999999999999787
2023-05-08 08:47:08+00:00,7.84,3.09,0.0
2023-05-08 08:47:09+00:00,7.84,3.09,0.0
2023-05-08 08:47:10+00:00,7.84,3.09,0.23000000000000043
2023-05-08 08:47:12+00:00,8.3,3.27,0.0
2023-05-08 08:47:13+00:00,8.3,3.27,0.0
2023-05-08 08:47:14+00:00,8.3,3.27,-0.20500000000000052
2023-05-08 08:47:16+00:00,7.89,3.11,0.0
2023-05-08 08:47:17+00:00,7.89,3.11,0.0
2023-05-08 08:47:18+00:00,7.89,3.11,0.0
2023-05-08 08:47:19+00:00,7.89,3.11,0.0
2023-05-08 08:47:20+00:00,7.89,3.11,0.23499999999999988
2023-05-08 08:47:22+00:00,8.36,3.29,0.0
2023-05-08 08:47:23+00:00,8.36,3.29,0.0
2023-05-08 08:47:24+00:00,8.36,3.29,0.0
2023-05-08 08:47:25+00:00,8.36,3.29,-0.41999999999999904
2023-05-08 08:47:26+00:00,7.94,3.13,0.0
2023-05-08 08:47:28+00:00,7.94,3.13,0.0
2023-05-08 08:47:29+00:00,7.94,3.13,0.0
2023-05-08 08:47:30+00:00,7.94,3.13,0.0
2023-05-08 08:47:31+00:00,7.94,3.13,0.009999999999999787
2023-05-08 08:47:33+00:00,7.96,3.13,0.4500000000000002
2023-05-08 08:47:34+00:00,8.41,3.31,0.0
2023-05-08 08:47:35+00:00,8.41,3.31,0.0
2023-05-08 08:47:36+00:00,8.41,3.31,0.0
2023-05-08 08:47:37+00:00,8.41,3.31,-0.20000000000000018
2023-05-08 08:47:39+00:00,8.01,3.15,0.0
2023-05-08 08:47:40+00:00,8.01,3.15,0.0
2023-05-08 08:47:41+00:00,8.01,3.15,0.0
2023-05-08 08:47:42+00:00,8.01,3.15,0.0
2023-05-08 08:47:43+00:00,8.01,3.15,0.0
2023-05-08 08:47:44+00:00,8.01,3.15,0.47000000000000064
2023-05-08 08:47:45+00:00,8.48,3.34,0.0
2023-05-08 08:47:47+00:00,8.48,3.34,0.0
2023-05-08 08:47:48+00:00,8.48,3.34,-0.41999999999999993
2023-05-08 08:47:49+00:00,8.06,3.17,0.009999999999999787
2023-05-08 08:47:50+00:00,8.07,3.18,-0.004999999999999893
2023-05-08 08:47:52+00:00,8.06,3.17,0.0
2023-05-08 08:47:53+00:00,8.06,3.17,0.23499999999999943
2023-05-08 08:47:55+00:00,8.53,3.36,0.0
2023-05-08 08:47:56+00:00,8.53,3.36,0.0
2023-05-08 08:47:57+00:00,8.53,3.36,-0.3999999999999986
2023-05-08 08:47:58+00:00,8.13,3.2,0.0
2023-05-08 08:47:59+00:00,8.13,3.2,0.0
2023-05-08 08:48:01+00:00,8.13,3.2,0.0
2023-05-08 08:48:02+00:00,8.13,3.2,0.0
2023-05-08 08:48:03+00:00,8.13,3.2,0.46999999999999886
2023-05-08 08:48:04+00:00,8.6,3.39,0.0
2023-05-08 08:48:05+00:00,8.6,3.39,0.0
2023-05-08 08:48:07+00:00,8.6,3.39,-0.41999999999999993
2023-05-08 08:48:08+00:00,8.18,3.22,0.0
2023-05-08 08:48:09+00:00,8.18,3.22,0.0
2023-05-08 08:48:10+00:00,8.18,3.22,0.0
2023-05-08 08:48:11+00:00,8.18,3.22,0.0
2023-05-08 08:48:13+00:00,8.18,3.22,0.0
2023-05-08 08:48:14+00:00,8.18,3.22,0.47000000000000064
2023-05-08 08:48:15+00:00,8.65,3.41,0.0
2023-05-08 08:48:16+00:00,8.65,3.41,0.0
2023-05-08 08:48:17+00:00,8.65,3.41,-0.20500000000000007
2023-05-08 08:48:19+00:00,8.24,3.25,0.0
2023-05-08 08:48:20+00:00,8.24,3.25,0.0
2023-05-08 08:48:22+00:00,8.24,3.25,-0.20000000000000018
2023-05-08 08:48:24+00:00,7.84,3.09,-0.009999999999999787
2023-05-08 08:48:26+00:00,7.82,3.08,0.0
2023-05-08 08:48:27+00:00,7.82,3.08,0.019999999999999574
2023-05-08 08:48:28+00:00,7.84,3.09,0.23000000000000043
2023-05-08 08:48:30+00:00,8.3,3.27,0.0
2023-05-08 08:48:31+00:00,8.3,3.27,0.0
2023-05-08 08:48:32+00:00,8.3,3.27,0.0
2023-05-08 08:48:34+00:00,8.3,3.27,-0.41000000000000103
2023-05-08 08:48:35+00:00,7.89,3.11,0.0
2023-05-08 08:48:36+00:00,7.89,3.11,0.0
2023-05-08 08:48:37+00:00,7.89,3.11,0.0
2023-05-08 08:48:39+00:00,7.89,3.11,0.0
2023-05-08 08:48:40+00:00,7.89,3.11,0.46999999999999975
2023-05-08 08:48:41+00:00,8.36,3.29,0.0
2023-05-08 08:48:42+00:00,8.36,3.29,0.0
2023-05-08 08:48:44+00:00,8.36,3.29,0.0
2023-05-08 08:48:45+00:00,8.36,3.29,0.0
2023-05-08 08:48:46+00:00,8.36,3.29,0.0
2023-05-08 08:48:47+00:00,8.36,3.29,-0.41999999999999904
2023-05-08 08:48:48+00:00,7.94,3.13,0.20999999999999952
2023-05-08 08:48:50+00:00,8.36,3.29,0.0
2023-05-08 08:48:51+00:00,8.36,3.29,0.4800000000000004
2023-05-08 08:48:52+00:00,8.84,3.48,-0.009999999999999787
2023-05-08 08:48:54+00:00,8.82,3.47,-0.41000000000000014
2023-05-08 08:48:55+00:00,8.41,3.31,0.0
2023-05-08 08:48:57+00:00,8.41,3.31,0.0
2023-05-08 08:48:58+00:00,8.41,3.31,0.0
2023-05-08 08:48:59+00:00,8.41,3.31,0.0
2023-05-08 08:49:01+00:00,8.41,3.31,0.0
2023-05-08 08:49:02+00:00,8.41,3.31,0.4800000000000004
2023-05-08 08:49:03+00:00,8.89,3.5,0.0
2023-05-08 08:49:04+00:00,8.89,3.5,0.0
2023-05-08 08:49:06+00:00,8.89,3.5,-0.41000000000000014
2023-05-08 08:49:07+00:00,8.48,3.34,0.0
2023-05-08 08:49:09+00:00,8.48,3.34,0.0
2023-05-08 08:49:10+00:00,8.48,3.34,0.0
2023-05-08 08:49:12+00:00,8.48,3.34,0.0
2023-05-08 08:49:13+00:00,8.48,3.34,0.4800000000000004
2023-05-08 08:49:14+00:00,8.96,3.53,0.0
2023-05-08 08:49:15+00:00,8.96,3.53,0.0
2023-05-08 08:49:17+00:00,8.96,3.53,-0.20500000000000007
2023-05-08 08:49:19+00:00,8.55,3.37,-0.02000000000000135
2023-05-08 08:49:20+00:00,8.53,3.36,0.0
2023-05-08 08:49:21+00:00,8.53,3.36,0.0
2023-05-08 08:49:22+00:00,8.53,3.36,0.0
2023-05-08 08:49:24+00:00,8.53,3.36,0.4800000000000004
2023-05-08 08:49:25+00:00,9.01,3.55,0.0
2023-05-08 08:49:26+00:00,9.01,3.55,0.0
2023-05-08 08:49:28+00:00,9.01,3.55,-0.41000000000000014
2023-05-08 08:49:29+00:00,8.6,3.39,0.0
2023-05-08 08:49:31+00:00,8.6,3.39,0.0
2023-05-08 08:49:32+00:00,8.6,3.39,0.0
2023-05-08 08:49:33+00:00,8.6,3.39,0.0
2023-05-08 08:49:34+00:00,8.6,3.39,0.0
2023-05-08 08:49:35+00:00,8.6,3.39,0.23000000000000043
2023-05-08 08:49:37+00:00,9.06,3.57,0.0
2023-05-08 08:49:38+00:00,9.06,3.57,-0.41000000000000014
2023-05-08 08:49:39+00:00,8.65,3.41,0.0
2023-05-08 08:49:41+00:00,8.65,3.41,0.0
2023-05-08 08:49:42+00:00,8.65,3.41,0.0
2023-05-08 08:49:43+00:00,8.65,3.41,-0.41000000000000014
2023-05-08 08:49:44+00:00,8.24,3.25,0.0
2023-05-08 08:49:45+00:00,8.24,3.25,0.0
2023-05-08 08:49:46+00:00,8.24,3.25,0.0
2023-05-08 08:49:47+00:00,8.24,3.25,0.0
2023-05-08 08:49:48+00:00,8.24,3.25,0.8900000000000006
2023-05-08 08:49:49+00:00,9.13,3.59,-0.20500000000000007
2023-05-08 08:49:51+00:00,8.72,3.43,0.0
2023-05-08 08:49:52+00:00,8.72,3.43,0.0
2023-05-08 08:49:54+00:00,8.72,3.43,0.0
2023-05-08 08:49:55+00:00,8.72,3.43,-0.20500000000000007
2023-05-08 08:49:57+00:00,8.31,3.27,-0.009999999999999787
2023-05-08 08:49:58+00:00,8.3,3.27,0.0
2023-05-08 08:49:59+00:00,8.3,3.27,0.0
2023-05-08 08:50:01+00:00,8.3,3.27,0.0
2023-05-08 08:50:02+00:00,8.3,3.27,0.46999999999999886
2023-05-08 08:50:03+00:00,8.77,3.45,0.0
2023-05-08 08:50:04+00:00,8.77,3.45,0.0
2023-05-08 08:50:05+00:00,8.77,3.45,0.0
2023-05-08 08:50:06+00:00,8.77,3.45,0.0
2023-05-08 08:50:08+00:00,8.77,3.45,-0.41000000000000014
2023-05-08 08:50:09+00:00,8.36,3.29,0.0
2023-05-08 08:50:10+00:00,8.36,3.29,0.0
2023-05-08 08:50:11+00:00,8.36,3.29,0.0
2023-05-08 08:50:12+00:00,8.36,3.29,0.0
2023-05-08 08:50:14+00:00,8.36,3.29,0.8900000000000006
2023-05-08 08:50:15+00:00,9.25,3.64,-0.41000000000000014
2023-05-08 08:50:16+00:00,8.84,3.48,0.0
2023-05-08 08:50:17+00:00,8.84,3.48,0.0
2023-05-08 08:50:19+00:00,8.84,3.48,0.0
2023-05-08 08:50:20+00:00,8.84,3.48,0.0
2023-05-08 08:50:21+00:00,8.84,3.48,-0.019999999999999574
2023-05-08 08:50:22+00:00,8.82,3.47,0.019999999999999574
2023-05-08 08:50:23+00:00,8.84,3.48,0.4800000000000004
2023-05-08 08:50:24+00:00,9.32,3.67,0.0
2023-05-08 08:50:25+00:00,9.32,3.67,0.0
2023-05-08 08:50:27+00:00,9.32,3.67,-0.4299999999999997
2023-05-08 08:50:28+00:00,8.89,3.5,0.0
2023-05-08 08:50:29+00:00,8.89,3.5,0.0
2023-05-08 08:50:30+00:00,8.89,3.5,0.0
2023-05-08 08:50:32+00:00,8.89,3.5,0.0
2023-05-08 08:50:33+00:00,8.89,3.5,0.0
2023-05-08 08:50:34+00:00,8.89,3.5,0.47999999999999865
2023-05-08 08:50:35+00:00,9.37,3.69,0.0
2023-05-08 08:50:36+00:00,9.37,3.69,0.0
2023-05-08 08:50:37+00:00,9.37,3.69,-0.20499999999999918
2023-05-08 08:50:39+00:00,8.96,3.53,-0.02000000000000135
2023-05-08 08:50:40+00:00,8.94,3.52,0.02000000000000135
2023-05-08 08:50:41+00:00,8.96,3.53,-0.02000000000000135
2023-05-08 08:50:42+00:00,8.94,3.52,0.02000000000000135
2023-05-08 08:50:43+00:00,8.96,3.53,0.0
2023-05-08 08:50:45+00:00,8.96,3.53,0.4599999999999991
2023-05-08 08:50:46+00:00,9.42,3.71,0.019999999999999574
2023-05-08 08:50:47+00:00,9.44,3.71,-0.4299999999999997
2023-05-08 08:50:48+00:00,9.01,3.55,0.0
2023-05-08 08:50:49+00:00,9.01,3.55,0.0
2023-05-08 08:50:50+00:00,9.01,3.55,0.0
2023-05-08 08:50:52+00:00,9.01,3.55,0.0
2023-05-08 08:50:54+00:00,9.01,3.55,0.0
2023-05-08 08:50:55+00:00,9.01,3.55,0.2400000000000002
2023-05-08 08:50:57+00:00,9.49,3.73,0.0
2023-05-08 08:50:58+00:00,9.49,3.73,0.0
2023-05-08 08:50:59+00:00,9.49,3.73,-0.41000000000000014
2023-05-08 08:51:00+00:00,9.08,3.57,0.0
2023-05-08 08:51:02+00:00,9.08,3.57,0.0
2023-05-08 08:51:03+00:00,9.08,3.57,0.0
2023-05-08 08:51:04+00:00,9.08,3.57,-0.019999999999999574
2023-05-08 08:51:05+00:00,9.06,3.57,0.0
2023-05-08 08:51:07+00:00,9.06,3.57,-0.41000000000000014
2023-05-08 08:51:08+00:00,8.65,3.41,0.8899999999999988
2023-05-08 08:51:09+00:00,9.54,3.75,-0.40999999999999837
2023-05-08 08:51:10+00:00,9.13,3.59,0.0
2023-05-08 08:51:12+00:00,9.13,3.59,0.0
2023-05-08 08:51:13+00:00,9.13,3.59,0.0
2023-05-08 08:51:14+00:00,9.13,3.59,-0.20500000000000007
2023-05-08 08:51:16+00:00,8.72,3.43,0.0
2023-05-08 08:51:17+00:00,8.72,3.43,0.0
2023-05-08 08:51:18+00:00,8.72,3.43,0.0
2023-05-08 08:51:19+00:00,8.72,3.43,0.0
2023-05-08 08:51:21+00:00,8.72,3.43,0.879999999999999
2023-05-08 08:51:22+00:00,9.6,3.78,-0.40000000000000036
2023-05-08 08:51:23+00:00,9.2,3.62,0.0
2023-05-08 08:51:24+00:00,9.2,3.62,-0.009999999999999787
2023-05-08 08:51:26+00:00,9.18,3.61,0.019999999999999574
2023-05-08 08:51:27+00:00,9.2,3.62,0.0
2023-05-08 08:51:28+00:00,9.2,3.62,-0.21499999999999986
2023-05-08 08:51:30+00:00,8.77,3.45,0.0
2023-05-08 08:51:32+00:00,8.77,3.45,0.0
2023-05-08 08:51:33+00:00,8.77,3.45,0.8900000000000006
2023-05-08 08:51:34+00:00,9.66,3.8,0.0
2023-05-08 08:51:36+00:00,9.66,3.8,-0.41000000000000014
2023-05-08 08:51:37+00:00,9.25,3.64,0.0
2023-05-08 08:51:38+00:00,9.25,3.64,0.0
2023-05-08 08:51:39+00:00,9.25,3.64,0.0
2023-05-08 08:51:40+00:00,9.25,3.64,0.0
2023-05-08 08:51:42+00:00,9.25,3.64,0.0
2023-05-08 08:51:43+00:00,9.25,3.64,0.0
2023-05-08 08:51:44+00:00,9.25,3.64,0.0
2023-05-08 08:51:45+00:00,9.25,3.64,0.47000000000000064
2023-05-08 08:51:46+00:00,9.72,3.83,0.0
2023-05-08 08:51:47+00:00,9.72,3.83,0.0
2023-05-08 08:51:48+00:00,9.72,3.83,-0.40000000000000036
2023-05-08 08:51:49+00:00,9.32,3.67,-0.019999999999999574
2023-05-08 08:51:50+00:00,9.3,3.66,0.009999999999999787
2023-05-08 08:51:52+00:00,9.32,3.67,0.0
2023-05-08 08:51:53+00:00,9.32,3.67,0.0
2023-05-08 08:51:54+00:00,9.32,3.67,-0.019999999999999574
2023-05-08 08:51:55+00:00,9.3,3.66,0.019999999999999574
2023-05-08 08:51:56+00:00,9.32,3.67,0.22499999999999964
2023-05-08 08:51:58+00:00,9.77,3.85,0.0
2023-05-08 08:51:59+00:00,9.77,3.85,0.0
2023-05-08 08:52:00+00:00,9.77,3.85,-0.40000000000000036
2023-05-08 08:52:01+00:00,9.37,3.69,0.0
2023-05-08 08:52:02+00:00,9.37,3.69,0.0
2023-05-08 08:52:03+00:00,9.37,3.69,0.0
2023-05-08 08:52:05+00:00,9.37,3.69,0.0
2023-05-08 08:52:06+00:00,9.37,3.69,0.0
2023-05-08 08:52:07+00:00,9.37,3.69,0.47000000000000064
2023-05-08 08:52:08+00:00,9.84,3.88,0.0
2023-05-08 08:52:09+00:00,9.84,3.88,-0.20999999999999996
2023-05-08 08:52:11+00:00,9.42,3.71,0.0
2023-05-08 08:52:12+00:00,9.42,3.71,0.019999999999999574
2023-05-08 08:52:13+00:00,9.44,3.71,-0.019999999999999574
2023-05-08 08:52:14+00:00,9.42,3.71,0.009999999999999787
2023-05-08 08:52:16+00:00,9.44,3.71,-0.019999999999999574
2023-05-08 08:52:17+00:00,9.42,3.71,0.47000000000000064
2023-05-08 08:52:18+00:00,9.89,3.9,0.0
2023-05-08 08:52:20+00:00,9.89,3.9,-0.40000000000000036
2023-05-08 08:52:21+00:00,9.49,3.73,0.0
2023-05-08 08:52:22+00:00,9.49,3.73,0.0
2023-05-08 08:52:24+00:00,9.49,3.73,0.0
2023-05-08 08:52:25+00:00,9.49,3.73,0.0
2023-05-08 08:52:27+00:00,9.49,3.73,-0.41000000000000014
2023-05-08 08:52:28+00:00,9.08,3.57,0.4400000000000004
2023-05-08 08:52:30+00:00,9.96,3.92,0.0
2023-05-08 08:52:31+00:00,9.96,3.92,-0.4200000000000017
2023-05-08 08:52:32+00:00,9.54,3.75,0.010000000000001563
2023-05-08 08:52:33+00:00,9.55,3.76,-0.005000000000000782
2023-05-08 08:52:35+00:00,9.54,3.75,-0.40999999999999837
2023-05-08 08:52:36+00:00,9.13,3.59,0.0
2023-05-08 08:52:37+00:00,9.13,3.59,0.0
2023-05-08 08:52:38+00:00,9.13,3.59,0.0
2023-05-08 08:52:39+00:00,9.13,3.59,0.0
2023-05-08 08:52:40+00:00,9.13,3.59,0.0
2023-05-08 08:52:42+00:00,9.13,3.59,0.879999999999999
2023-05-08 08:52:43+00:00,10.01,3.94,-0.20500000000000007
2023-05-08 08:52:45+00:00,9.6,3.78,0.0
2023-05-08 08:52:47+00:00,9.6,3.78,0.0
2023-05-08 08:52:48+00:00,9.6,3.78,0.0
2023-05-08 08:52:49+00:00,9.6,3.78,-0.40000000000000036
2023-05-08 08:52:50+00:00,9.2,3.62,0.0
2023-05-08 08:52:51+00:00,9.2,3.62,0.0
2023-05-08 08:52:52+00:00,9.2,3.62,-0.019999999999999574
2023-05-08 08:52:53+00:00,9.18,3.61,0.0
2023-05-08 08:52:54+00:00,9.18,3.61,0.9000000000000004
2023-05-08 08:52:55+00:00,10.08,3.97,0.0
2023-05-08 08:52:57+00:00,10.08,3.97,-0.41999999999999993
2023-05-08 08:52:58+00:00,9.66,3.8,0.0
2023-05-08 08:52:59+00:00,9.66,3.8,0.0
2023-05-08 08:53:01+00:00,9.66,3.8,0.0
2023-05-08 08:53:03+00:00,9.66,3.8,0.0
2023-05-08 08:53:04+00:00,9.66,3.8,0.0
2023-05-08 08:53:06+00:00,9.66,3.8,0.47000000000000064
2023-05-08 08:53:07+00:00,10.13,3.99,0.0
2023-05-08 08:53:09+00:00,10.13,3.99,-0.41000000000000014
2023-05-08 08:53:10+00:00,9.72,3.83,0.0
2023-05-08 08:53:11+00:00,9.72,3.83,0.0
2023-05-08 08:53:12+00:00,9.72,3.83,0.0
2023-05-08 08:53:13+00:00,9.72,3.83,0.0
2023-05-08 08:53:14+00:00,9.72,3.83,0.0
2023-05-08 08:53:16+00:00,9.72,3.83,0.0
2023-05-08 08:53:17+00:00,9.72,3.83,0.47999999999999865
2023-05-08 08:53:18+00:00,10.2,4.02,0.0
2023-05-08 08:53:19+00:00,10.2,4.02,0.0
2023-05-08 08:53:20+00:00,10.2,4.02,-0.20500000000000007
2023-05-08 08:53:22+00:00,9.79,3.86,-0.009999999999999787
2023-05-08 08:53:24+00:00,9.77,3.85,0.0
2023-05-08 08:53:25+00:00,9.77,3.85,0.0
2023-05-08 08:53:27+00:00,9.77,3.85,0.0
2023-05-08 08:53:28+00:00,9.77,3.85,0.4800000000000004
2023-05-08 08:53:29+00:00,10.25,4.04,0.0
2023-05-08 08:53:31+00:00,10.25,4.04,-0.41000000000000014
2023-05-08 08:53:32+00:00,9.84,3.88,0.0
2023-05-08 08:53:33+00:00,9.84,3.88,0.0
2023-05-08 08:53:35+00:00,9.84,3.88,0.0
2023-05-08 08:53:36+00:00,9.84,3.88,0.0
2023-05-08 08:53:37+00:00,9.84,3.88,0.0
2023-05-08 08:53:38+00:00,9.84,3.88,0.2400000000000002
2023-05-08 08:53:40+00:00,10.32,4.06,0.0
2023-05-08 08:53:41+00:00,10.32,4.06,0.0
2023-05-08 08:53:42+00:00,10.32,4.06,-0.21499999999999986
2023-05-08 08:53:44+00:00,9.89,3.9,0.0
2023-05-08 08:53:45+00:00,9.89,3.9,0.0
2023-05-08 08:53:46+00:00,9.89,3.9,-0.030000000000001137
2023-05-08 08:53:47+00:00,9.86,3.88,0.030000000000001137
2023-05-08 08:53:48+00:00,9.89,3.9,0.0
2023-05-08 08:53:49+00:00,9.89,3.9,0.0
2023-05-08 08:53:51+00:00,9.89,3.9,0.47999999999999865
2023-05-08 08:53:52+00:00,10.37,4.08,0.0
2023-05-08 08:53:53+00:00,10.37,4.08,-0.40999999999999837
2023-05-08 08:53:54+00:00,9.96,3.92,0.0
2023-05-08 08:53:56+00:00,9.96,3.92,0.0
2023-05-08 08:53:57+00:00,9.96,3.92,0.0
2023-05-08 08:53:58+00:00,9.96,3.92,-0.4200000000000017
2023-05-08 08:53:59+00:00,9.54,3.75,0.0
2023-05-08 08:54:01+00:00,9.54,3.75,0.0
2023-05-08 08:54:02+00:00,9.54,3.75,0.010000000000001563
2023-05-08 08:54:03+00:00,9.55,3.76,-0.010000000000001563
2023-05-08 08:54:04+00:00,9.54,3.75,0.9000000000000004
2023-05-08 08:54:05+00:00,10.44,4.11,-0.21499999999999986
2023-05-08 08:54:07+00:00,10.01,3.94,0.019999999999999574
2023-05-08 08:54:08+00:00,10.03,3.95,-0.019999999999999574
2023-05-08 08:54:09+00:00,10.01,3.94,0.0
2023-05-08 08:54:10+00:00,10.01,3.94,-0.20500000000000007
2023-05-08 08:54:12+00:00,9.6,3.78,0.0
2023-05-08 08:54:14+00:00,9.6,3.78,0.0
2023-05-08 08:54:15+00:00,9.6,3.78,0.0
2023-05-08 08:54:16+00:00,9.6,3.78,0.41000000000000014
2023-05-08 08:54:17+00:00,10.01,3.94,0.4800000000000004
2023-05-08 08:54:18+00:00,10.49,4.13,-0.20500000000000007
2023-05-08 08:54:20+00:00,10.08,3.97,0.0
2023-05-08 08:54:21+00:00,10.08,3.97,0.0
2023-05-08 08:54:22+00:00,10.08,3.97,0.0
2023-05-08 08:54:24+00:00,10.08,3.97,0.0
2023-05-08 08:54:25+00:00,10.08,3.97,0.0
2023-05-08 08:54:27+00:00,10.08,3.97,0.0
2023-05-08 08:54:28+00:00,10.08,3.97,0.0
2023-05-08 08:54:29+00:00,10.08,3.97,0.4800000000000004
2023-05-08 08:54:30+00:00,10.56,4.16,0.0
2023-05-08 08:54:31+00:00,10.56,4.16,0.0
2023-05-08 08:54:32+00:00,10.56,4.16,-0.21499999999999986
2023-05-08 08:54:34+00:00,10.13,3.99,0.0
2023-05-08 08:54:35+00:00,10.13,3.99,0.0
2023-05-08 08:54:36+00:00,10.13,3.99,0.0
2023-05-08 08:54:37+00:00,10.13,3.99,0.0
2023-05-08 08:54:38+00:00,10.13,3.99,0.0
2023-05-08 08:54:40+00:00,10.13,3.99,0.0
2023-05-08 08:54:41+00:00,10.13,3.99,0.47999999999999865
2023-05-08 08:54:42+00:00,10.61,4.18,0.0
2023-05-08 08:54:43+00:00,10.61,4.18,0.0
2023-05-08 08:54:44+00:00,10.61,4.18,-0.41000000000000014
2023-05-08 08:54:45+00:00,10.2,4.02,0.0
2023-05-08 08:54:46+00:00,10.2,4.02,0.0
2023-05-08 08:54:48+00:00,10.2,4.02,-0.019999999999999574
2023-05-08 08:54:49+00:00,10.18,4.01,0.019999999999999574
2023-05-08 08:54:50+00:00,10.2,4.02,0.0
2023-05-08 08:54:51+00:00,10.2,4.02,0.23000000000000043
2023-05-08 08:54:53+00:00,10.66,4.2,0.019999999999999574
2023-05-08 08:54:54+00:00,10.68,4.2,-0.4299999999999997
2023-05-08 08:54:55+00:00,10.25,4.04,0.0
2023-05-08 08:54:56+00:00,10.25,4.04,0.0
2023-05-08 08:54:57+00:00,10.25,4.04,0.0
2023-05-08 08:54:59+00:00,10.25,4.04,0.0
2023-05-08 08:55:00+00:00,10.25,4.04,0.0
2023-05-08 08:55:01+00:00,10.25,4.04,0.0
2023-05-08 08:55:02+00:00,10.25,4.04,0.0
2023-05-08 08:55:04+00:00,10.25,4.04,0.4800000000000004
2023-05-08 08:55:05+00:00,10.73,4.22,0.0
2023-05-08 08:55:06+00:00,10.73,4.22,-0.41000000000000014
2023-05-08 08:55:07+00:00,10.32,4.06,0.0
2023-05-08 08:55:09+00:00,10.32,4.06,-0.019999999999999574
2023-05-08 08:55:10+00:00,10.3,4.06,0.019999999999999574
2023-05-08 08:55:11+00:00,10.32,4.06,0.0
2023-05-08 08:55:12+00:00,10.32,4.06,0.0
2023-05-08 08:55:13+00:00,10.32,4.06,0.0
2023-05-08 08:55:15+00:00,10.32,4.06,0.4599999999999991
2023-05-08 08:55:16+00:00,10.78,4.24,0.0
2023-05-08 08:55:17+00:00,10.78,4.24,-0.41000000000000014
2023-05-08 08:55:18+00:00,10.37,4.08,0.0
2023-05-08 08:55:19+00:00,10.37,4.08,0.0
2023-05-08 08:55:20+00:00,10.37,4.08,0.0
2023-05-08 08:55:21+00:00,10.37,4.08,0.0
2023-05-08 08:55:22+00:00,10.37,4.08,0.0
2023-05-08 08:55:24+00:00,10.37,4.08,0.0
2023-05-08 08:55:25+00:00,10.37,4.08,-0.40999999999999837
2023-05-08 08:55:26+00:00,9.96,3.92,0.0
2023-05-08 08:55:27+00:00,9.96,3.92,0.8899999999999988
2023-05-08 08:55:28+00:00,10.85,4.27,0.0
2023-05-08 08:55:30+00:00,10.85,4.27,-0.4299999999999997
2023-05-08 08:55:31+00:00,10.42,4.1,0.019999999999999574
2023-05-08 08:55:32+00:00,10.44,4.11,0.0
2023-05-08 08:55:33+00:00,10.44,4.11,-0.019999999999999574
2023-05-08 08:55:34+00:00,10.42,4.1,0.0
2023-05-08 08:55:36+00:00,10.42,4.1,0.019999999999999574
2023-05-08 08:55:37+00:00,10.44,4.11,0.0
2023-05-08 08:55:38+00:00,10.44,4.11,0.0
2023-05-08 08:55:39+00:00,10.44,4.11,-0.019999999999999574
2023-05-08 08:55:40+00:00,10.42,4.1,0.4800000000000004
2023-05-08 08:55:41+00:00,10.9,4.29,0.0
2023-05-08 08:55:43+00:00,10.9,4.29,-0.41000000000000014
2023-05-08 08:55:44+00:00,10.49,4.13,0.0
2023-05-08 08:55:45+00:00,10.49,4.13,0.0
2023-05-08 08:55:46+00:00,10.49,4.13,0.0
2023-05-08 08:55:48+00:00,10.49,4.13,0.0
2023-05-08 08:55:49+00:00,10.49,4.13,0.0
2023-05-08 08:55:50+00:00,10.49,4.13,0.0
2023-05-08 08:55:51+00:00,10.49,4.13,0.0
2023-05-08 08:55:52+00:00,10.49,4.13,0.0
2023-05-08 08:55:54+00:00,10.49,4.13,0.4800000000000004
2023-05-08 08:55:55+00:00,10.97,4.32,0.0
2023-05-08 08:55:56+00:00,10.97,4.32,-0.41000000000000014
2023-05-08 08:55:57+00:00,10.56,4.16,0.0
2023-05-08 08:55:58+00:00,10.56,4.16,0.0
2023-05-08 08:56:00+00:00,10.56,4.16,0.0
2023-05-08 08:56:01+00:00,10.56,4.16,0.0
2023-05-08 08:56:02+00:00,10.56,4.16,-0.02000000000000135
2023-05-08 08:56:03+00:00,10.54,4.15,0.02000000000000135
2023-05-08 08:56:04+00:00,10.56,4.16,0.4599999999999991
2023-05-08 08:56:05+00:00,11.02,4.34,0.0
2023-05-08 08:56:06+00:00,11.02,4.34,0.0
2023-05-08 08:56:08+00:00,11.02,4.34,-0.41000000000000014
2023-05-08 08:56:09+00:00,10.61,4.18,0.0
2023-05-08 08:56:10+00:00,10.61,4.18,0.0
2023-05-08 08:56:11+00:00,10.61,4.18,0.0
2023-05-08 08:56:12+00:00,10.61,4.18,0.0
2023-05-08 08:56:14+00:00,10.61,4.18,0.0
2023-05-08 08:56:15+00:00,10.61,4.18,0.47000000000000064
2023-05-08 08:56:16+00:00,11.08,4.36,0.0
2023-05-08 08:56:18+00:00,11.08,4.36,0.0
2023-05-08 08:56:19+00:00,11.08,4.36,-0.40000000000000036
2023-05-08 08:56:20+00:00,10.68,4.2,0.0
2023-05-08 08:56:21+00:00,10.68,4.2,0.0
2023-05-08 08:56:22+00:00,10.68,4.2,-0.019999999999999574
2023-05-08 08:56:23+00:00,10.66,4.2,0.019999999999999574
2023-05-08 08:56:24+00:00,10.68,4.2,0.4400000000000004
2023-05-08 08:56:26+00:00,11.56,4.55,-0.9000000000000004
2023-05-08 08:56:27+00:00,10.66,4.2,0.4800000000000004
2023-05-08 08:56:28+00:00,11.14,4.38,0.0
2023-05-08 08:56:29+00:00,11.14,4.38,-0.41000000000000014
2023-05-08 08:56:30+00:00,10.73,4.22,0.0
2023-05-08 08:56:32+00:00,10.73,4.22,0.0
2023-05-08 08:56:33+00:00,10.73,4.22,0.0
2023-05-08 08:56:34+00:00,10.73,4.22,0.0
2023-05-08 08:56:36+00:00,10.73,4.22,0.0
2023-05-08 08:56:37+00:00,10.73,4.22,0.0
2023-05-08 08:56:38+00:00,10.73,4.22,0.46999999999999886
2023-05-08 08:56:39+00:00,11.2,4.41,0.0
2023-05-08 08:56:40+00:00,11.2,4.41,-0.41999999999999993
2023-05-08 08:56:41+00:00,10.78,4.24,0.02000000000000135
2023-05-08 08:56:42+00:00,10.8,4.25,-0.010000000000000675
2023-05-08 08:56:44+00:00,10.78,4.24,0.02000000000000135
2023-05-08 08:56:45+00:00,10.8,4.25,-0.02000000000000135
2023-05-08 08:56:46+00:00,10.78,4.24,0.02000000000000135
2023-05-08 08:56:47+00:00,10.8,4.25,-0.02000000000000135
2023-05-08 08:56:48+00:00,10.78,4.24,0.0
2023-05-08 08:56:49+00:00,10.78,4.24,0.0
2023-05-08 08:56:50+00:00,10.78,4.24,0.23500000000000032
2023-05-08 08:56:52+00:00,11.25,4.43,0.0
2023-05-08 08:56:53+00:00,11.25,4.43,-0.40000000000000036
2023-05-08 08:56:54+00:00,10.85,4.27,0.0
2023-05-08 08:56:55+00:00,10.85,4.27,0.0
2023-05-08 08:56:56+00:00,10.85,4.27,0.0
2023-05-08 08:56:57+00:00,10.85,4.27,0.0
2023-05-08 08:56:59+00:00,10.85,4.27,0.0
2023-05-08 08:57:00+00:00,10.85,4.27,0.0
2023-05-08 08:57:02+00:00,10.85,4.27,0.0
2023-05-08 08:57:03+00:00,10.85,4.27,0.47000000000000064
2023-05-08 08:57:04+00:00,11.32,4.46,0.0
2023-05-08 08:57:05+00:00,11.32,4.46,-0.41999999999999993
2023-05-08 08:57:06+00:00,10.9,4.29,0.0
2023-05-08 08:57:08+00:00,10.9,4.29,0.0
2023-05-08 08:57:09+00:00,10.9,4.29,0.0
2023-05-08 08:57:10+00:00,10.9,4.29,0.009999999999999787
2023-05-08 08:57:11+00:00,10.91,4.3,0.0
2023-05-08 08:57:12+00:00,10.91,4.3,-0.004999999999999893
2023-05-08 08:57:14+00:00,10.9,4.29,0.46999999999999886
2023-05-08 08:57:15+00:00,11.37,4.48,-0.46999999999999886
2023-05-08 08:57:16+00:00,10.9,4.29,0.46999999999999886
2023-05-08 08:57:17+00:00,11.37,4.48,-0.3999999999999986
2023-05-08 08:57:18+00:00,10.97,4.32,0.0
2023-05-08 08:57:19+00:00,10.97,4.32,0.0
2023-05-08 08:57:20+00:00,10.97,4.32,0.0
2023-05-08 08:57:22+00:00,10.97,4.32,0.0
2023-05-08 08:57:23+00:00,10.97,4.32,0.0
2023-05-08 08:57:24+00:00,10.97,4.32,0.0
2023-05-08 08:57:25+00:00,10.97,4.32,0.23499999999999943
2023-05-08 08:57:27+00:00,11.44,4.5,0.0
2023-05-08 08:57:28+00:00,11.44,4.5,-0.019999999999999574
2023-05-08 08:57:29+00:00,11.42,4.5,-0.40000000000000036
2023-05-08 08:57:30+00:00,11.02,4.34,0.0
2023-05-08 08:57:31+00:00,11.02,4.34,0.0
2023-05-08 08:57:33+00:00,11.02,4.34,0.0
2023-05-08 08:57:34+00:00,11.02,4.34,0.0
2023-05-08 08:57:35+00:00,11.02,4.34,0.0
2023-05-08 08:57:36+00:00,11.02,4.34,0.47000000000000064
2023-05-08 08:57:37+00:00,11.49,4.52,0.0
2023-05-08 08:57:38+00:00,11.49,4.52,-0.41000000000000014
2023-05-08 08:57:39+00:00,11.08,4.36,0.0
2023-05-08 08:57:41+00:00,11.08,4.36,0.0
2023-05-08 08:57:42+00:00,11.08,4.36,0.0
2023-05-08 08:57:43+00:00,11.08,4.36,0.0
2023-05-08 08:57:44+00:00,11.08,4.36,0.0
2023-05-08 08:57:46+00:00,11.08,4.36,0.0
2023-05-08 08:57:47+00:00,11.08,4.36,0.0
2023-05-08 08:57:48+00:00,11.08,4.36,0.4800000000000004
2023-05-08 08:57:49+00:00,11.56,4.55,-0.41999999999999993
2023-05-08 08:57:50+00:00,11.14,4.38,0.0
2023-05-08 08:57:52+00:00,11.14,4.38,0.0
2023-05-08 08:57:53+00:00,11.14,4.38,0.0
2023-05-08 08:57:54+00:00,11.14,4.38,0.0
2023-05-08 08:57:55+00:00,11.14,4.38,0.0
2023-05-08 08:57:57+00:00,11.14,4.38,0.0
2023-05-08 08:57:58+00:00,11.14,4.38,0.0
2023-05-08 08:57:59+00:00,11.14,4.38,0.02999999999999936
2023-05-08 08:58:01+00:00,11.2,4.41,0.0
2023-05-08 08:58:02+00:00,11.2,4.41,0.0
2023-05-08 08:58:03+00:00,11.2,4.41,0.0
2023-05-08 08:58:06+00:00,11.2,4.41,-0.1999999999999993
2023-05-08 08:58:08+00:00,10.8,4.25,-0.02000000000000135
2023-05-08 08:58:09+00:00,10.78,4.24,0.0
2023-05-08 08:58:10+00:00,10.78,4.24,0.0
2023-05-08 08:58:11+00:00,10.78,4.24,0.47000000000000064
2023-05-08 08:58:12+00:00,11.25,4.43,0.0
2023-05-08 08:58:13+00:00,11.25,4.43,0.0
2023-05-08 08:58:14+00:00,11.25,4.43,0.0
2023-05-08 08:58:15+00:00,11.25,4.43,0.0
2023-05-08 08:58:17+00:00,11.25,4.43,-0.40000000000000036
2023-05-08 08:58:18+00:00,10.85,4.27,0.0
2023-05-08 08:58:19+00:00,10.85,4.27,0.0
2023-05-08 08:58:20+00:00,10.85,4.27,0.0
2023-05-08 08:58:22+00:00,10.85,4.27,0.0
2023-05-08 08:58:23+00:00,10.85,4.27,0.0
2023-05-08 08:58:24+00:00,10.85,4.27,0.47000000000000064
2023-05-08 08:58:25+00:00,11.32,4.46,0.0
2023-05-08 08:58:27+00:00,11.32,4.46,0.0
2023-05-08 08:58:28+00:00,11.32,4.46,0.0
2023-05-08 08:58:29+00:00,11.32,4.46,0.0
2023-05-08 08:58:31+00:00,11.32,4.46,-0.41999999999999993
2023-05-08 08:58:32+00:00,10.9,4.29,0.41999999999999993
2023-05-08 08:58:33+00:00,11.32,4.46,-0.002079207920792079
2023-05-08 09:01:55+00:00,10.9,4.29,0.46999999999999886
2023-05-08 09:01:56+00:00,11.37,4.48,
2023-05-08 09:01:56+00:00,11.37,4.48,0.07000000000000028
2023-05-08 09:01:57+00:00,11.44,4.5,0.043478260869565216
2023-05-08 09:02:20+00:00,12.44,4.9,0.05000000000000071
2023-05-08 09:02:21+00:00,12.49,4.92,0.0
2023-05-08 09:02:24+00:00,12.49,4.92,0.0
2023-05-08 09:02:25+00:00,12.49,4.92,-0.40000000000000036
2023-05-08 09:02:26+00:00,12.09,4.76,0.0
2023-05-08 09:02:27+00:00,12.09,4.76,0.0
2023-05-08 09:02:28+00:00,12.09,4.76,0.0
2023-05-08 09:02:29+00:00,12.09,4.76,-0.07000000000000028
2023-05-08 09:02:30+00:00,12.02,4.73,0.07000000000000028
2023-05-08 09:02:31+00:00,12.09,4.76,0.0
2023-05-08 09:02:32+00:00,12.09,4.76,0.47000000000000064
2023-05-08 09:02:33+00:00,12.56,4.95,0.0
2023-05-08 09:02:35+00:00,12.56,4.95,0.0
2023-05-08 09:02:36+00:00,12.56,4.95,0.0
2023-05-08 09:02:37+00:00,12.56,4.95,0.0
2023-05-08 09:02:38+00:00,12.56,4.95,-0.41999999999999993
2023-05-08 09:02:39+00:00,12.14,4.78,0.0
2023-05-08 09:02:40+00:00,12.14,4.78,0.0
2023-05-08 09:02:41+00:00,12.14,4.78,0.0
2023-05-08 09:02:43+00:00,12.14,4.78,0.0
2023-05-08 09:02:45+00:00,12.14,4.78,0.46999999999999886
2023-05-08 09:02:46+00:00,12.61,4.97,0.0
2023-05-08 09:02:47+00:00,12.61,4.97,0.0
2023-05-08 09:02:48+00:00,12.61,4.97,0.0
2023-05-08 09:02:49+00:00,12.61,4.97,0.0
2023-05-08 09:02:51+00:00,12.61,4.97,0.0
2023-05-08 09:02:53+00:00,12.61,4.97,0.0
2023-05-08 09:02:54+00:00,12.61,4.97,0.0
2023-05-08 09:02:55+00:00,12.61,4.97,0.0
2023-05-08 09:02:56+00:00,12.61,4.97,0.0
2023-05-08 09:02:57+00:00,12.61,4.97,0.0
2023-05-08 09:02:59+00:00,12.61,4.97,0.07000000000000028
2023-05-08 09:03:00+00:00,12.68,4.99,0.0
2023-05-08 09:03:01+00:00,12.68,4.99,0.0
2023-05-08 09:03:02+00:00,12.68,4.99,0.0
2023-05-08 09:03:03+00:00,12.68,4.99,0.0
2023-05-08 09:03:04+00:00,12.68,4.99,0.0
2023-05-08 09:03:05+00:00,12.68,4.99,-0.019999999999999574
2023-05-08 09:03:06+00:00,12.66,4.99,0.019999999999999574
2023-05-08 09:03:07+00:00,12.68,4.99,0.0
2023-05-08 09:03:08+00:00,12.68,4.99,0.0
2023-05-08 09:03:10+00:00,12.68,4.99,0.05000000000000071
2023-05-08 09:03:11+00:00,12.73,5.01,0.0
2023-05-08 09:03:12+00:00,12.73,5.01,0.0
2023-05-08 09:03:13+00:00,12.73,5.01,0.0
2023-05-08 09:03:15+00:00,12.73,5.01,0.0
2023-05-08 09:03:16+00:00,12.73,5.01,0.0
2023-05-08 09:03:17+00:00,12.73,5.01,0.0
2023-05-08 09:03:18+00:00,12.73,5.01,0.0
2023-05-08 09:03:19+00:00,12.73,5.01,0.0
2023-05-08 09:03:20+00:00,12.73,5.01,0.0
2023-05-08 09:03:21+00:00,12.73,5.01,0.07000000000000028
2023-05-08 09:03:22+00:00,12.8,5.04,0.0
2023-05-08 09:03:24+00:00,12.8,5.04,0.0
2023-05-08 09:03:25+00:00,12.8,5.04,0.0
2023-05-08 09:03:27+00:00,12.8,5.04,0.0
2023-05-08 09:03:28+00:00,12.8,5.04,0.0
2023-05-08 09:03:30+00:00,12.8,5.04,0.0
2023-05-08 09:03:31+00:00,12.8,5.04,0.0
2023-05-08 09:03:32+00:00,12.8,5.04,0.049999999999998934
2023-05-08 09:03:33+00:00,12.85,5.06,0.0
2023-05-08 09:03:34+00:00,12.85,5.06,0.0
2023-05-08 09:03:35+00:00,12.85,5.06,0.0
2023-05-08 09:03:36+00:00,12.85,5.06,0.0
2023-05-08 09:03:38+00:00,12.85,5.06,0.0
2023-05-08 09:03:39+00:00,12.85,5.06,0.0
2023-05-08 09:03:40+00:00,12.85,5.06,0.0
2023-05-08 09:03:41+00:00,12.85,5.06,0.0
2023-05-08 09:03:42+00:00,12.85,5.06,0.0
2023-05-08 09:03:43+00:00,12.85,5.06,0.05000000000000071
2023-05-08 09:03:44+00:00,12.9,5.08,0.009999999999999787
2023-05-08 09:03:46+00:00,12.92,5.09,0.0
2023-05-08 09:03:47+00:00,12.92,5.09,0.0
2023-05-08 09:03:48+00:00,12.92,5.09,-0.4299999999999997
2023-05-08 09:03:49+00:00,12.49,4.92,0.0
2023-05-08 09:03:50+00:00,12.49,4.92,0.0
2023-05-08 09:03:52+00:00,12.49,4.92,0.0
2023-05-08 09:03:53+00:00,12.49,4.92,0.0
2023-05-08 09:03:54+00:00,12.49,4.92,0.0
2023-05-08 09:03:55+00:00,12.49,4.92,0.0
2023-05-08 09:03:56+00:00,12.49,4.92,0.4800000000000004
2023-05-08 09:03:57+00:00,12.97,5.11,0.0
2023-05-08 09:03:59+00:00,12.97,5.11,0.0
2023-05-08 09:04:00+00:00,12.97,5.11,-0.41000000000000014
2023-05-08 09:04:01+00:00,12.56,4.95,0.0
2023-05-08 09:04:02+00:00,12.56,4.95,0.0
2023-05-08 09:04:03+00:00,12.56,4.95,0.0
2023-05-08 09:04:04+00:00,12.56,4.95,0.0
2023-05-08 09:04:05+00:00,12.56,4.95,0.0
2023-05-08 09:04:07+00:00,12.56,4.95,0.0
2023-05-08 09:04:08+00:00,12.56,4.95,0.47999999999999865
2023-05-08 09:04:09+00:00,13.04,5.13,0.0
2023-05-08 09:04:10+00:00,13.04,5.13,-0.019999999999999574
2023-05-08 09:04:11+00:00,13.02,5.13,0.009999999999999787
2023-05-08 09:04:13+00:00,13.04,5.13,-0.4299999999999997
2023-05-08 09:04:14+00:00,12.61,4.97,0.0
2023-05-08 09:04:16+00:00,12.61,4.97,0.0
2023-05-08 09:04:17+00:00,12.61,4.97,0.0
2023-05-08 09:04:18+00:00,12.61,4.97,0.0
2023-05-08 09:04:19+00:00,12.61,4.97,0.0
2023-05-08 09:04:20+00:00,12.61,4.97,0.4800000000000004
2023-05-08 09:04:21+00:00,13.09,5.15,0.0
2023-05-08 09:04:22+00:00,13.09,5.15,0.0
2023-05-08 09:04:23+00:00,13.09,5.15,0.0
2023-05-08 09:04:24+00:00,13.09,5.15,-0.41000000000000014
2023-05-08 09:04:25+00:00,12.68,4.99,0.0
2023-05-08 09:04:26+00:00,12.68,4.99,0.0
2023-05-08 09:04:27+00:00,12.68,4.99,0.0
2023-05-08 09:04:28+00:00,12.68,4.99,0.20500000000000007
2023-05-08 09:04:30+00:00,13.09,5.15,0.05000000000000071
2023-05-08 09:04:31+00:00,13.14,5.17,0.0
2023-05-08 09:04:32+00:00,13.14,5.17,0.019999999999999574
2023-05-08 09:04:33+00:00,13.16,5.18,-0.019999999999999574
2023-05-08 09:04:34+00:00,13.14,5.17,0.0
2023-05-08 09:04:35+00:00,13.14,5.17,-0.20500000000000007
2023-05-08 09:04:37+00:00,12.73,5.01,0.0
2023-05-08 09:04:38+00:00,12.73,5.01,0.41000000000000014
2023-05-08 09:04:39+00:00,13.14,5.17,0.03500000000000014
2023-05-08 09:04:41+00:00,13.21,5.2,0.0
2023-05-08 09:04:42+00:00,13.21,5.2,0.0
2023-05-08 09:04:44+00:00,13.21,5.2,-0.4300000000000015
2023-05-08 09:04:45+00:00,12.78,5.03,0.02000000000000135
2023-05-08 09:04:46+00:00,12.8,5.04,0.0
2023-05-08 09:04:48+00:00,12.8,5.04,0.41000000000000014
2023-05-08 09:04:49+00:00,13.21,5.2,0.049999999999998934
2023-05-08 09:04:50+00:00,13.26,5.22,0.0
2023-05-08 09:04:51+00:00,13.26,5.22,0.0
2023-05-08 09:04:52+00:00,13.26,5.22,0.009999999999999787
2023-05-08 09:04:54+00:00,13.28,5.23,-0.4299999999999997
2023-05-08 09:04:55+00:00,12.85,5.06,0.0
2023-05-08 09:04:56+00:00,12.85,5.06,0.0
2023-05-08 09:04:57+00:00,12.85,5.06,0.0
2023-05-08 09:04:59+00:00,12.85,5.06,0.0
2023-05-08 09:05:00+00:00,12.85,5.06,0.4800000000000004
2023-05-08 09:05:01+00:00,13.33,5.25,0.0
2023-05-08 09:05:02+00:00,13.33,5.25,0.0
2023-05-08 09:05:03+00:00,13.33,5.25,-0.41000000000000014
2023-05-08 09:05:04+00:00,12.92,5.09,0.0
2023-05-08 09:05:05+00:00,12.92,5.09,0.0
2023-05-08 09:05:06+00:00,12.92,5.09,-0.009999999999999787
2023-05-08 09:05:08+00:00,12.9,5.08,0.0
2023-05-08 09:05:09+00:00,12.9,5.08,0.0
2023-05-08 09:05:10+00:00,12.9,5.08,0.4800000000000004
2023-05-08 09:05:11+00:00,13.38,5.27,0.0
2023-05-08 09:05:12+00:00,13.38,5.27,-0.20500000000000007
2023-05-08 09:05:14+00:00,12.97,5.11,0.0
2023-05-08 09:05:15+00:00,12.97,5.11,0.0
2023-05-08 09:05:17+00:00,12.97,5.11,0.0
2023-05-08 09:05:18+00:00,12.97,5.11,0.0
2023-05-08 09:05:19+00:00,12.97,5.11,0.0
2023-05-08 09:05:20+00:00,12.97,5.11,0.23999999999999932
2023-05-08 09:05:22+00:00,13.45,5.29,0.0
2023-05-08 09:05:23+00:00,13.45,5.29,-0.21499999999999986
2023-05-08 09:05:25+00:00,13.02,5.13,0.0
2023-05-08 09:05:26+00:00,13.02,5.13,0.019999999999999574
2023-05-08 09:05:27+00:00,13.04,5.13,0.0
2023-05-08 09:05:28+00:00,13.04,5.13,-0.009999999999999787
2023-05-08 09:05:30+00:00,13.02,5.13,0.2400000000000002
2023-05-08 09:05:32+00:00,13.5,5.31,0.0
2023-05-08 09:05:34+00:00,13.5,5.31,-0.41000000000000014
2023-05-08 09:05:35+00:00,13.09,5.15,0.0
2023-05-08 09:05:36+00:00,13.09,5.15,0.0
2023-05-08 09:05:37+00:00,13.09,5.15,0.0
2023-05-08 09:05:39+00:00,13.09,5.15,0.16000000000000014
2023-05-08 09:05:42+00:00,13.57,5.34,0.0
2023-05-08 09:05:44+00:00,13.57,5.34,0.0
2023-05-08 09:05:45+00:00,13.57,5.34,0.0
2023-05-08 09:05:46+00:00,13.57,5.34,0.0
2023-05-08 09:05:48+00:00,13.57,5.34,0.049999999999998934
2023-05-08 09:05:49+00:00,13.62,5.36,0.0
2023-05-08 09:05:50+00:00,13.62,5.36,0.0
2023-05-08 09:05:52+00:00,13.62,5.36,0.0
2023-05-08 09:05:54+00:00,13.62,5.36,0.0
2023-05-08 09:05:55+00:00,13.62,5.36,0.0
2023-05-08 09:05:56+00:00,13.62,5.36,0.23500000000000032
2023-05-08 09:05:58+00:00,14.09,5.55,-0.40000000000000036
2023-05-08 09:05:59+00:00,13.69,5.39,0.0
2023-05-08 09:06:00+00:00,13.69,5.39,0.0
2023-05-08 09:06:02+00:00,13.69,5.39,0.0
2023-05-08 09:06:04+00:00,13.69,5.39,0.0
2023-05-08 09:06:05+00:00,13.69,5.39,0.47000000000000064
2023-05-08 09:06:06+00:00,14.16,5.58,-0.41999999999999993
2023-05-08 09:06:07+00:00,13.74,5.41,0.0
2023-05-08 09:06:09+00:00,13.74,5.41,0.0
2023-05-08 09:06:10+00:00,13.74,5.41,0.0
2023-05-08 09:06:11+00:00,13.74,5.41,0.47000000000000064
2023-05-08 09:06:12+00:00,14.21,5.6,0.0
2023-05-08 09:06:14+00:00,14.21,5.6,-0.41000000000000014
2023-05-08 09:06:15+00:00,13.8,5.43,0.0
2023-05-08 09:06:16+00:00,13.8,5.43,0.0
2023-05-08 09:06:17+00:00,13.8,5.43,0.0
2023-05-08 09:06:18+00:00,13.8,5.43,0.22999999999999954
2023-05-08 09:06:20+00:00,14.26,5.62,0.019999999999999574
2023-05-08 09:06:21+00:00,14.28,5.62,-0.019999999999999574
2023-05-08 09:06:22+00:00,14.26,5.62,0.009999999999999787
2023-05-08 09:06:24+00:00,14.28,5.62,0.0
2023-05-08 09:06:25+00:00,14.28,5.62,0.025000000000000355
2023-05-08 09:06:27+00:00,14.33,5.64,0.019999999999999574
2023-05-08 09:06:28+00:00,14.35,5.65,-0.019999999999999574
2023-05-08 09:06:29+00:00,14.33,5.64,0.0
2023-05-08 09:06:30+00:00,14.33,5.64,0.0
2023-05-08 09:06:31+00:00,14.33,5.64,0.0
2023-05-08 09:06:33+00:00,14.33,5.64,0.4800000000000004
2023-05-08 09:06:34+00:00,14.81,5.83,-0.20500000000000007
2023-05-08 09:06:36+00:00,14.4,5.67,0.0
2023-05-08 09:06:37+00:00,14.4,5.67,-0.019999999999999574
2023-05-08 09:06:38+00:00,14.38,5.66,0.4499999999999993
2023-05-08 09:06:40+00:00,15.28,6.02,-0.41999999999999993
2023-05-08 09:06:41+00:00,14.86,5.85,0.0
2023-05-08 09:06:43+00:00,14.86,5.85,0.8800000000000008
2023-05-08 09:06:44+00:00,15.74,6.2,0.7150000000000007
2023-05-08 09:06:46+00:00,17.17,6.76,-0.41000000000000014
2023-05-08 09:06:47+00:00,16.76,6.6,0.0
2023-05-08 09:06:48+00:00,16.76,6.6,-0.4200000000000017
2023-05-08 09:06:49+00:00,16.34,6.43,0.0
2023-05-08 09:06:51+00:00,16.34,6.43,-0.20500000000000007
2023-05-08 09:06:53+00:00,15.93,6.27,0.0
2023-05-08 09:06:54+00:00,15.93,6.27,-0.41000000000000014
2023-05-08 09:06:55+00:00,15.52,6.11,0.0
2023-05-08 09:06:56+00:00,15.52,6.11,0.0
2023-05-08 09:06:57+00:00,15.52,6.11,0.05000000000000071
2023-05-08 09:06:58+00:00,15.57,6.13,0.0
2023-05-08 09:07:00+00:00,15.57,6.13,-0.20500000000000007
2023-05-08 09:07:02+00:00,15.16,5.97,0.0
2023-05-08 09:07:03+00:00,15.16,5.97,0.0
2023-05-08 09:07:04+00:00,15.16,5.97,0.006137218045112781
2023-05-08 12:04:24+00:00,80.46,31.68,97.50000000000001
2023-05-08 12:04:25+00:00,177.96,70.06,1.299999999999983
2023-05-08 12:04:26+00:00,179.26,70.58,-0.6499999999999915
2023-05-08 12:04:28+00:00,177.96,70.06,-0.4300000000000068
2023-05-08 12:04:29+00:00,177.53,69.89,-0.4399999999999977
2023-05-08 12:04:30+00:00,177.09,69.72,0.4399999999999977
2023-05-08 12:04:31+00:00,177.53,69.89,-0.020000000000010232
2023-05-08 12:04:32+00:00,177.51,69.89,0.020000000000010232
2023-05-08 12:04:33+00:00,177.53,69.89,0.0
2023-05-08 12:04:34+00:00,177.53,69.89,-0.4199999999999875
2023-05-08 12:04:35+00:00,177.11,69.73,-0.020000000000010232
2023-05-08 12:04:36+00:00,177.09,69.72,-0.4399999999999977
2023-05-08 12:04:37+00:00,176.65,69.55,0.4199999999999875
2023-05-08 12:04:38+00:00,177.07,69.71,0.2400000000000091
2023-05-08 12:04:40+00:00,177.55,69.9,-0.4399999999999977
2023-05-08 12:04:41+00:00,177.11,69.73,-0.020000000000010232
2023-05-08 12:04:42+00:00,177.09,69.72,0.0
2023-05-08 12:04:43+00:00,177.09,69.72,0.0
2023-05-08 12:04:44+00:00,177.09,69.72,0.4399999999999977
2023-05-08 12:04:45+00:00,177.53,69.89,0.0
2023-05-08 12:04:46+00:00,177.53,69.89,0.0
2023-05-08 12:04:48+00:00,177.53,69.89,0.8499999999999943
2023-05-08 12:04:49+00:00,178.38,70.23,-1.2699999999999818
2023-05-08 12:04:50+00:00,177.11,69.73,1.7099999999999795
2023-05-08 12:04:51+00:00,178.82,70.4,-1.289999999999992
2023-05-08 12:04:52+00:00,177.53,69.89,0.4099999999999966
2023-05-08 12:04:53+00:00,177.94,70.05,-0.21999999999999886
2023-05-08 12:04:55+00:00,177.5,69.88,2.1699999999999875
2023-05-08 12:04:56+00:00,179.67,70.74,-0.8649999999999949
2023-05-08 12:04:58+00:00,177.94,70.05,0.0
2023-05-08 12:04:59+00:00,177.94,70.05,-0.42499999999999716
2023-05-08 12:05:01+00:00,177.09,69.72,-33.170000000000016
2023-05-08 12:05:02+00:00,143.92,56.66,-59.23999999999998
2023-05-08 12:05:03+00:00,84.68,33.34,1106.8999999999999
2023-05-08 12:05:04+00:00,1191.58,469.13,-1187.3
2023-05-08 12:05:05+00:00,4.28,1.69,1187.52
2023-05-08 12:05:06+00:00,1191.8,469.21,-0.31999999999993634
2023-05-08 12:05:07+00:00,1191.48,469.09,-1182.35
2023-05-08 12:05:08+00:00,9.13,3.59,1182.3799999999999
2023-05-08 12:05:09+00:00,1191.51,469.1,0.0
2023-05-08 12:05:11+00:00,1191.51,469.1,0.14000000000010004
2023-05-08 12:05:12+00:00,1191.65,469.15,0.01999999999998181
2023-05-08 12:05:13+00:00,1191.67,469.16,-0.21000000000003638
2023-05-08 12:05:14+00:00,1191.46,469.08,0.14999999999986358
2023-05-08 12:05:15+00:00,1191.61,469.14,0.020000000000209184
2023-05-08 12:05:16+00:00,1191.63,469.15,0.049999999999954525
2023-05-08 12:05:18+00:00,1191.73,469.19,-0.09999999999990905
2023-05-08 12:05:19+00:00,1191.63,469.15,-0.07000000000016371
2023-05-08 12:05:20+00:00,1191.56,469.12,0.04500000000007276
2023-05-08 12:05:22+00:00,1191.65,469.15,-0.040000000000190994
2023-05-08 12:05:23+00:00,1191.61,469.14,-0.029999999999972715
2023-05-08 12:05:24+00:00,1191.58,469.13,0.09000000000014552
2023-05-08 12:05:25+00:00,1191.67,469.16,-0.11000000000012733
2023-05-08 12:05:26+00:00,1191.56,469.12,-0.09999999999990905
2023-05-08 12:05:27+00:00,1191.46,469.08,-0.06999999999993634
2023-05-08 12:05:28+00:00,1191.39,469.05,0.08499999999992269
2023-05-08 12:05:30+00:00,1191.56,469.12,-0.029999999999972715
2023-05-08 12:05:31+00:00,1191.53,469.11,-0.029999999999972715
2023-05-08 12:05:32+00:00,1191.5,469.09,0.009999999999990905
2023-05-08 12:05:33+00:00,1191.51,469.1,-0.15000000000009095
2023-05-08 12:05:34+00:00,1191.36,469.04,-26.851590909090906
2023-05-08 12:06:18+00:00,9.89,3.9,0.5999999999999996
2023-05-08 12:06:19+00:00,10.49,4.13,-0.120000000000001
2023-05-08 12:06:20+00:00,10.37,4.08,-0.40999999999999837
2023-05-08 12:06:21+00:00,9.96,3.92,-0.09500000000000064
2023-05-08 12:06:23+00:00,9.77,3.85,0.5999999999999996
2023-05-08 12:06:24+00:00,10.37,4.08,0.0
2023-05-08 12:06:25+00:00,10.37,4.08,0.0
2023-05-08 12:06:27+00:00,10.37,4.08,0.0
2023-05-08 12:06:28+00:00,10.37,4.08,0.0
2023-05-08 12:06:29+00:00,10.37,4.08,-0.4299999999999997
2023-05-08 12:06:30+00:00,9.94,3.92,0.02000000000000135
2023-05-08 12:06:31+00:00,9.96,3.92,-0.010000000000000675
2023-05-08 12:06:33+00:00,9.94,3.92,0.02000000000000135
2023-05-08 12:06:34+00:00,9.96,3.92,0.0
2023-05-08 12:06:35+00:00,9.96,3.92,-0.010000000000000675
2023-05-08 12:06:37+00:00,9.94,3.92,0.0
2023-05-08 12:06:38+00:00,9.94,3.92,0.010000000000000675
2023-05-08 12:06:40+00:00,9.96,3.92,0.0
2023-05-08 12:06:41+00:00,9.96,3.92,0.0
2023-05-08 12:06:43+00:00,9.96,3.92,-0.02000000000000135
2023-05-08 12:06:44+00:00,9.94,3.92,0.0
2023-05-08 12:06:45+00:00,9.94,3.92,-0.02999999999999936
2023-05-08 12:06:46+00:00,9.91,3.9,0.025000000000000355
2023-05-08 12:06:48+00:00,9.96,3.92,0.0
2023-05-08 12:06:49+00:00,9.96,3.92,-0.02000000000000135
2023-05-08 12:06:50+00:00,9.94,3.92,0.02000000000000135
2023-05-08 12:06:51+00:00,9.96,3.92,0.0
2023-05-08 12:06:53+00:00,9.96,3.92,0.0
2023-05-08 12:06:54+00:00,9.96,3.92,0.4599999999999991
2023-05-08 12:06:55+00:00,10.42,4.1,0.0
2023-05-08 12:06:56+00:00,10.42,4.1,0.0
2023-05-08 12:06:58+00:00,10.42,4.1,0.0
2023-05-08 12:06:59+00:00,10.42,4.1,-0.41000000000000014
2023-05-08 12:07:00+00:00,10.01,3.94,0.0
2023-05-08 12:07:02+00:00,10.01,3.94,0.4800000000000004
2023-05-08 12:07:03+00:00,10.49,4.13,-0.41000000000000014
2023-05-08 12:07:04+00:00,10.08,3.97,0.4599999999999991
2023-05-08 12:07:05+00:00,10.54,4.15,0.0
2023-05-08 12:07:06+00:00,10.54,4.15,0.0
2023-05-08 12:07:07+00:00,10.54,4.15,0.07000000000000028
2023-05-08 12:07:08+00:00,10.61,4.18,0.0
2023-05-08 12:07:09+00:00,10.61,4.18,0.0
2023-05-08 12:07:10+00:00,10.61,4.18,0.07000000000000028
2023-05-08 12:07:11+00:00,10.68,4.2,0.0
2023-05-08 12:07:13+00:00,10.68,4.2,0.05000000000000071
2023-05-08 12:07:14+00:00,10.73,4.22,0.0
2023-05-08 12:07:15+00:00,10.73,4.22,0.024999999999999467
2023-05-08 12:07:17+00:00,10.78,4.24,0.0
2023-05-08 12:07:18+00:00,10.78,4.24,0.07000000000000028
2023-05-08 12:07:19+00:00,10.85,4.27,0.0
2023-05-08 12:07:20+00:00,10.85,4.27,0.0
2023-05-08 12:07:21+00:00,10.85,4.27,0.05000000000000071
2023-05-08 12:07:22+00:00,10.9,4.29,-0.41000000000000014
2023-05-08 12:07:23+00:00,10.49,4.13,0.2400000000000002
2023-05-08 12:07:25+00:00,10.97,4.32,0.0
2023-05-08 12:07:26+00:00,10.97,4.32,-0.4300000000000015
2023-05-08 12:07:27+00:00,10.54,4.15,0.4800000000000004
2023-05-08 12:07:28+00:00,11.02,4.34,-0.41000000000000014
2023-05-08 12:07:29+00:00,10.61,4.18,0.47000000000000064
2023-05-08 12:07:30+00:00,11.08,4.36,0.0
2023-05-08 12:07:31+00:00,11.08,4.36,0.0
2023-05-08 12:07:32+00:00,11.08,4.36,0.0600000000000005
2023-05-08 12:07:33+00:00,11.14,4.38,0.0
2023-05-08 12:07:34+00:00,11.14,4.38,0.049999999999998934
2023-05-08 12:07:35+00:00,11.19,4.4,0.009999999999999787
2023-05-08 12:07:36+00:00,11.2,4.41,-0.41999999999999993
2023-05-08 12:07:37+00:00,10.78,4.24,0.47000000000000064
2023-05-08 12:07:38+00:00,11.25,4.43,-0.20000000000000018
2023-05-08 12:07:40+00:00,10.85,4.27,0.23500000000000032
2023-05-08 12:07:42+00:00,11.32,4.46,-0.41999999999999993
2023-05-08 12:07:43+00:00,10.9,4.29,0.0
2023-05-08 12:07:44+00:00,10.9,4.29,0.07000000000000028
2023-05-08 12:07:45+00:00,10.97,4.32,0.0
2023-05-08 12:07:46+00:00,10.97,4.32,0.4499999999999993
2023-05-08 12:07:47+00:00,11.42,4.5,-0.20000000000000018
2023-05-08 12:07:49+00:00,11.02,4.34,0.0
2023-05-08 12:07:50+00:00,11.02,4.34,0.0600000000000005
2023-05-08 12:07:51+00:00,11.08,4.36,0.0
2023-05-08 12:07:52+00:00,11.08,4.36,0.4599999999999991
2023-05-08 12:07:53+00:00,11.54,4.54,-0.3999999999999986
2023-05-08 12:07:54+00:00,11.14,4.38,0.46999999999999886
2023-05-08 12:07:55+00:00,11.61,4.57,0.0
2023-05-08 12:07:57+00:00,11.61,4.57,-0.41999999999999993
2023-05-08 12:07:58+00:00,11.19,4.4,0.4900000000000002
2023-05-08 12:07:59+00:00,11.68,4.6,-0.019999999999999574
2023-05-08 12:08:00+00:00,11.66,4.59,0.0
2023-05-08 12:08:01+00:00,11.66,4.59,0.07000000000000028
2023-05-08 12:08:02+00:00,11.73,4.62,-0.41999999999999993
2023-05-08 12:08:03+00:00,11.31,4.45,0.2450000000000001
2023-05-08 12:08:05+00:00,11.8,4.64,0.0
2023-05-08 12:08:06+00:00,11.8,4.64,0.0
2023-05-08 12:08:07+00:00,11.8,4.64,0.049999999999998934
2023-05-08 12:08:08+00:00,11.85,4.66,0.0
2023-05-08 12:08:09+00:00,11.85,4.66,0.0
2023-05-08 12:08:10+00:00,11.85,4.66,0.05000000000000071
2023-05-08 12:08:11+00:00,11.9,4.69,0.009999999999999787
2023-05-08 12:08:13+00:00,11.92,4.69,0.025000000000000355
2023-05-08 12:08:15+00:00,11.97,4.71,0.4599999999999991
2023-05-08 12:08:16+00:00,12.43,4.89,-0.39000000000000057
2023-05-08 12:08:17+00:00,12.04,4.74,-0.019999999999999574
2023-05-08 12:08:18+00:00,12.02,4.73,0.03500000000000014
2023-05-08 12:08:20+00:00,12.09,4.76,0.0
2023-05-08 12:08:21+00:00,12.09,4.76,0.05000000000000071
2023-05-08 12:08:22+00:00,12.14,4.78,0.0
2023-05-08 12:08:24+00:00,12.14,4.78,0.07000000000000028
2023-05-08 12:08:25+00:00,12.21,4.81,0.0
2023-05-08 12:08:27+00:00,12.21,4.81,0.049999999999998934
2023-05-08 12:08:28+00:00,12.26,4.83,0.0
2023-05-08 12:08:30+00:00,12.26,4.83,0.0600000000000005
2023-05-08 12:08:31+00:00,12.32,4.85,0.0
2023-05-08 12:08:32+00:00,12.32,4.85,0.0600000000000005
2023-05-08 12:08:33+00:00,12.38,4.87,0.0
2023-05-08 12:08:34+00:00,12.38,4.87,0.0
2023-05-08 12:08:35+00:00,12.38,4.87,0.02999999999999936
2023-05-08 12:08:37+00:00,12.44,4.9,0.0
2023-05-08 12:08:38+00:00,12.44,4.9,0.0
2023-05-08 12:08:39+00:00,12.44,4.9,0.05000000000000071
2023-05-08 12:08:40+00:00,12.49,4.92,0.0
2023-05-08 12:08:41+00:00,12.49,4.92,0.07000000000000028
2023-05-08 12:08:42+00:00,12.56,4.95,0.0
2023-05-08 12:08:44+00:00,12.56,4.95,0.049999999999998934
2023-05-08 12:08:45+00:00,12.61,4.97,0.0
2023-05-08 12:08:47+00:00,12.61,4.97,0.07000000000000028
2023-05-08 12:08:48+00:00,12.68,4.99,0.0
2023-05-08 12:08:49+00:00,12.68,4.99,0.0
2023-05-08 12:08:51+00:00,12.68,4.99,0.05000000000000071
2023-05-08 12:08:52+00:00,12.73,5.01,0.0
2023-05-08 12:08:53+00:00,12.73,5.01,0.049999999999998934
2023-05-08 12:08:54+00:00,12.78,5.03,0.010000000000000675
2023-05-08 12:08:56+00:00,12.8,5.04,0.049999999999998934
2023-05-08 12:08:57+00:00,12.85,5.06,0.0
2023-05-08 12:08:58+00:00,12.85,5.06,0.0
2023-05-08 12:08:59+00:00,12.85,5.06,0.03500000000000014
2023-05-08 12:09:01+00:00,12.92,5.09,0.0
2023-05-08 12:09:02+00:00,12.92,5.09,0.05000000000000071
2023-05-08 12:09:03+00:00,12.97,5.11,-0.41000000000000014
2023-05-08 12:09:04+00:00,12.56,4.95,0.22999999999999954
2023-05-08 12:09:06+00:00,13.02,5.13,0.07000000000000028
2023-05-08 12:09:07+00:00,13.09,5.15,0.0
2023-05-08 12:09:08+00:00,13.09,5.15,-0.41000000000000014
2023-05-08 12:09:09+00:00,12.68,4.99,0.05000000000000071
2023-05-08 12:09:10+00:00,12.73,5.01,0.0
2023-05-08 12:09:12+00:00,12.73,5.01,0.4800000000000004
2023-05-08 12:09:13+00:00,13.21,5.2,-0.4300000000000015
2023-05-08 12:09:14+00:00,12.78,5.03,0.02000000000000135
2023-05-08 12:09:15+00:00,12.8,5.04,0.049999999999998934
2023-05-08 12:09:16+00:00,12.85,5.06,0.0
2023-05-08 12:09:17+00:00,12.85,5.06,0.025000000000000355
2023-05-08 12:09:19+00:00,12.9,5.08,0.019999999999999574
2023-05-08 12:09:20+00:00,12.92,5.09,0.05000000000000071
2023-05-08 12:09:21+00:00,12.97,5.11,0.23999999999999932
2023-05-08 12:09:23+00:00,13.45,5.29,-0.4299999999999997
2023-05-08 12:09:24+00:00,13.02,5.13,0.07000000000000028
2023-05-08 12:09:25+00:00,13.09,5.15,0.2400000000000002
2023-05-08 12:09:27+00:00,13.57,5.34,-0.4299999999999997
2023-05-08 12:09:28+00:00,13.14,5.17,0.47999999999999865
2023-05-08 12:09:29+00:00,13.62,5.36,0.0
2023-05-08 12:09:31+00:00,13.62,5.36,0.03500000000000014
2023-05-08 12:09:33+00:00,13.69,5.39,0.05000000000000071
2023-05-08 12:09:34+00:00,13.74,5.41,0.0600000000000005
2023-05-08 12:09:35+00:00,13.8,5.43,0.47999999999999865
2023-05-08 12:09:36+00:00,14.28,5.62,0.0
2023-05-08 12:09:37+00:00,14.28,5.62,0.05000000000000071
2023-05-08 12:09:38+00:00,14.33,5.64,0.05000000000000071
2023-05-08 12:09:39+00:00,14.38,5.66,0.23999999999999932
2023-05-08 12:09:41+00:00,14.86,5.85,0.9500000000000011
2023-05-08 12:09:42+00:00,15.81,6.22,0.05999999999999961
2023-05-08 12:09:44+00:00,15.93,6.27,0.07000000000000028
2023-05-08 12:09:45+00:00,16.0,6.3,-0.4299999999999997
2023-05-08 12:09:46+00:00,15.57,6.13,0.049999999999998934
2023-05-08 12:09:47+00:00,15.62,6.15,-0.3999999999999986
2023-05-08 12:09:48+00:00,15.22,5.99,0.02999999999999936
2023-05-08 12:09:50+00:00,15.28,6.02,0.05000000000000071
2023-05-08 12:09:51+00:00,15.33,6.04,0.0
2023-05-08 12:09:52+00:00,15.33,6.04,-0.009999999999999787
2023-05-08 12:09:53+00:00,15.32,6.03,0.5399999999999991
2023-05-08 12:09:54+00:00,15.86,6.24,-0.33999999999999986
2023-05-08 12:09:55+00:00,15.52,6.11,0.05000000000000071
2023-05-08 12:09:56+00:00,15.57,6.13,0.4800000000000004
2023-05-08 12:09:57+00:00,16.05,6.32,0.41000000000000014
2023-05-08 12:09:58+00:00,16.46,6.48,-0.41000000000000014
2023-05-08 12:09:59+00:00,16.05,6.32,0.0
2023-05-08 12:10:00+00:00,16.05,6.32,0.0
2023-05-08 12:10:01+00:00,16.05,6.32,0.05000000000000071
2023-05-08 12:10:02+00:00,16.1,6.34,-0.025000000000000355
2023-05-08 12:10:04+00:00,16.05,6.32,-0.41000000000000014
2023-05-08 12:10:05+00:00,15.64,6.16,0.41000000000000014
2023-05-08 12:10:06+00:00,16.05,6.32,0.0
2023-05-08 12:10:07+00:00,16.05,6.32,0.0
2023-05-08 12:10:09+00:00,16.05,6.32,0.0
2023-05-08 12:10:10+00:00,16.05,6.32,0.0
2023-05-08 12:10:11+00:00,16.05,6.32,0.0
2023-05-08 12:10:12+00:00,16.05,6.32,0.0
2023-05-08 12:10:13+00:00,16.05,6.32,0.0
2023-05-08 12:10:14+00:00,16.05,6.32,0.0
2023-05-08 12:10:15+00:00,16.05,6.32,0.0
2023-05-08 12:10:16+00:00,16.05,6.32,0.0
2023-05-08 12:10:17+00:00,16.05,6.32,0.0
2023-05-08 12:10:18+00:00,16.05,6.32,0.0
2023-05-08 12:10:20+00:00,16.05,6.32,0.0
2023-05-08 12:10:21+00:00,16.05,6.32,0.0
2023-05-08 12:10:22+00:00,16.05,6.32,0.0
2023-05-08 12:10:23+00:00,16.05,6.32,0.0
2023-05-08 12:10:25+00:00,16.05,6.32,0.0
2023-05-08 12:10:26+00:00,16.05,6.32,0.0
2023-05-08 12:10:27+00:00,16.05,6.32,0.0
2023-05-08 12:10:28+00:00,16.05,6.32,0.0
2023-05-08 12:10:29+00:00,16.05,6.32,0.0
2023-05-08 12:10:31+00:00,16.05,6.32,0.0
2023-05-08 12:10:32+00:00,16.05,6.32,0.029999999999997584
2023-05-08 12:10:33+00:00,16.08,6.33,-0.029999999999997584
2023-05-08 12:10:34+00:00,16.05,6.32,0.0
2023-05-08 12:10:35+00:00,16.05,6.32,0.0
2023-05-08 12:10:36+00:00,16.05,6.32,0.0
2023-05-08 12:10:37+00:00,16.05,6.32,0.0
2023-05-08 12:10:39+00:00,16.05,6.32,0.0
2023-05-08 12:10:40+00:00,16.05,6.32,0.0
2023-05-08 12:10:41+00:00,16.05,6.32,0.0
2023-05-08 12:10:42+00:00,16.05,6.32,0.0
2023-05-08 12:10:43+00:00,16.05,6.32,0.0
2023-05-08 12:10:44+00:00,16.05,6.32,0.0
2023-05-08 12:10:46+00:00,16.05,6.32,0.0
2023-05-08 12:10:47+00:00,16.05,6.32,0.0
2023-05-08 12:10:48+00:00,16.05,6.32,0.0
2023-05-08 12:10:50+00:00,16.05,6.32,0.0
2023-05-08 12:11:48+00:00,16.05,6.32,0.0
2023-05-08 12:11:49+00:00,16.05,6.32,0.0
2023-05-08 12:11:50+00:00,16.05,6.32,0.0
2023-05-08 12:11:51+00:00,16.05,6.32,0.0
2023-05-08 12:11:52+00:00,16.05,6.32,0.0
2023-05-08 12:11:53+00:00,16.05,6.32,0.0
2023-05-08 12:11:54+00:00,16.05,6.32,0.0
2023-05-08 12:11:56+00:00,16.05,6.32,0.0
2023-05-08 12:11:57+00:00,16.05,6.32,0.0
2023-05-08 12:11:58+00:00,16.05,6.32,0.0
2023-05-08 12:11:59+00:00,16.05,6.32,0.0
2023-05-08 12:12:00+00:00,16.05,6.32,0.0
2023-05-08 12:12:01+00:00,16.05,6.32,0.0
2023-05-08 12:12:02+00:00,16.05,6.32,0.0
2023-05-08 12:12:03+00:00,16.05,6.32,0.0
2023-05-08 12:12:04+00:00,16.05,6.32,0.0
2023-05-08 12:12:05+00:00,16.05,6.32,0.0
2023-05-08 12:12:06+00:00,16.05,6.32,-0.00034574124337598554
2023-05-09 01:05:48+00:00,0.0,0.0,0.0
2023-05-09 01:05:50+00:00,0.0,0.0,0.0
2023-05-09 01:06:58+00:00,0.0,0.0,0.0
2023-05-09 01:07:00+00:00,0.0,0.0,0.0
2023-05-09 01:07:02+00:00,0.0,0.0,
